date,y10,y30,s10s30,d_10s30_bp
2016-01-04,2.243000,2.986000,74.300000,
2016-01-05,2.239000,2.999000,76.000000,1.700000
2016-01-06,2.170000,2.937000,76.700000,0.700000
2016-01-07,2.149000,2.929000,78.000000,1.300000
2016-01-08,2.116000,2.909000,79.300000,1.300000
2016-01-11,2.175000,2.969000,79.400000,0.100000
2016-01-12,2.105000,2.881000,77.600000,-1.800000
2016-01-13,2.091000,2.878000,78.700000,1.100000
2016-01-14,2.091000,2.890000,79.900000,1.200000
2016-01-15,2.037000,2.818000,78.100000,-1.800000
2016-01-18,2.045000,2.828000,78.300000,0.200000
2016-01-19,2.056000,2.829000,77.300000,-1.000000
2016-01-20,1.988000,2.758000,77.000000,-0.300000
2016-01-21,2.028000,2.809000,78.100000,1.100000
2016-01-22,2.057000,2.828000,77.100000,-1.000000
2016-01-25,2.006000,2.790000,78.400000,1.300000
2016-01-26,2.003000,2.788000,78.500000,0.100000
2016-01-27,2.003000,2.801000,79.800000,1.300000
2016-01-28,1.982000,2.788000,80.600000,0.800000
2016-01-29,1.923000,2.747000,82.400000,1.800000
2016-02-01,1.950000,2.764000,81.400000,-1.000000
2016-02-02,1.852000,2.661000,80.900000,-0.500000
2016-02-03,1.883000,2.710000,82.700000,1.800000
2016-02-04,1.846000,2.679000,83.300000,0.600000
2016-02-05,1.843000,2.673000,83.000000,-0.300000
2016-02-08,1.748000,2.576000,82.800000,-0.200000
2016-02-09,1.731000,2.553000,82.200000,-0.600000
2016-02-10,1.673000,2.492000,81.900000,-0.300000
2016-02-11,1.664000,2.510000,84.600000,2.700000
2016-02-12,1.746000,2.602000,85.600000,1.000000
2016-02-15,1.772000,2.628000,85.600000,0.000000
2016-02-16,1.779000,2.649000,87.000000,1.400000
2016-02-17,1.816000,2.682000,86.600000,-0.400000
2016-02-18,1.741000,2.612000,87.100000,0.500000
2016-02-19,1.743000,2.606000,86.300000,-0.800000
2016-02-22,1.755000,2.606000,85.100000,-1.200000
2016-02-23,1.716000,2.569000,85.300000,0.200000
2016-02-24,1.752000,2.609000,85.700000,0.400000
2016-02-25,1.714000,2.596000,88.200000,2.500000
2016-02-26,1.764000,2.640000,87.600000,-0.600000
2016-02-29,1.738000,2.616000,87.800000,0.200000
2016-03-01,1.827000,2.695000,86.800000,-1.000000
2016-03-02,1.835000,2.678000,84.300000,-2.500000
2016-03-03,1.835000,2.658000,82.300000,-2.000000
2016-03-04,1.876000,2.696000,82.000000,-0.300000
2016-03-07,1.904000,2.707000,80.300000,-1.700000
2016-03-08,1.831000,2.635000,80.400000,0.100000
2016-03-09,1.880000,2.666000,78.600000,-1.800000
2016-03-10,1.936000,2.699000,76.300000,-2.300000
2016-03-11,1.980000,2.749000,76.900000,0.600000
2016-03-14,1.961000,2.732000,77.100000,0.200000
2016-03-15,1.968000,2.730000,76.200000,-0.900000
2016-03-16,1.913000,2.711000,79.800000,3.600000
2016-03-17,1.898000,2.688000,79.000000,-0.800000
2016-03-18,1.877000,2.680000,80.300000,1.300000
2016-03-21,1.917000,2.718000,80.100000,-0.200000
2016-03-22,1.944000,2.723000,77.900000,-2.200000
2016-03-23,1.879000,2.657000,77.800000,-0.100000
2016-03-24,1.900000,2.672000,77.200000,-0.600000
2016-03-28,1.883000,2.651000,76.800000,-0.400000
2016-03-29,1.804000,2.600000,79.600000,2.800000
2016-03-30,1.828000,2.656000,82.800000,3.200000
2016-03-31,1.770000,2.612000,84.200000,1.400000
2016-04-01,1.774000,2.601000,82.700000,-1.500000
2016-04-04,1.762000,2.596000,83.400000,0.700000
2016-04-05,1.720000,2.543000,82.300000,-1.100000
2016-04-06,1.758000,2.586000,82.800000,0.500000
2016-04-07,1.687000,2.513000,82.600000,-0.200000
2016-04-08,1.717000,2.550000,83.300000,0.700000
2016-04-11,1.722000,2.556000,83.400000,0.100000
2016-04-12,1.776000,2.598000,82.200000,-1.200000
2016-04-13,1.766000,2.584000,81.800000,-0.400000
2016-04-14,1.792000,2.603000,81.100000,-0.700000
2016-04-15,1.753000,2.561000,80.800000,-0.300000
2016-04-18,1.771000,2.581000,81.000000,0.200000
2016-04-19,1.787000,2.596000,80.900000,-0.100000
2016-04-20,1.845000,2.655000,81.000000,0.100000
2016-04-21,1.865000,2.685000,82.000000,1.000000
2016-04-22,1.891000,2.710000,81.900000,-0.100000
2016-04-25,1.914000,2.737000,82.300000,0.400000
2016-04-26,1.931000,2.754000,82.300000,-0.000000
2016-04-27,1.852000,2.701000,84.900000,2.600000
2016-04-28,1.824000,2.682000,85.800000,0.900000
2016-04-29,1.835000,2.680000,84.500000,-1.300000
2016-05-02,1.872000,2.724000,85.200000,0.700000
2016-05-03,1.796000,2.655000,85.900000,0.700000
2016-05-04,1.777000,2.633000,85.600000,-0.300000
2016-05-05,1.742000,2.598000,85.600000,-0.000000
2016-05-06,1.779000,2.628000,84.900000,-0.700000
2016-05-09,1.751000,2.611000,86.000000,1.100000
2016-05-10,1.754000,2.606000,85.200000,-0.800000
2016-05-11,1.735000,2.577000,84.200000,-1.000000
2016-05-12,1.748000,2.594000,84.600000,0.400000
2016-05-13,1.702000,2.549000,84.700000,0.100000
2016-05-16,1.757000,2.598000,84.100000,-0.600000
2016-05-17,1.772000,2.600000,82.800000,-1.300000
2016-05-18,1.859000,2.665000,80.600000,-2.200000
2016-05-19,1.847000,2.637000,79.000000,-1.600000
2016-05-20,1.844000,2.631000,78.700000,-0.300000
2016-05-23,1.835000,2.625000,79.000000,0.300000
2016-05-24,1.865000,2.646000,78.100000,-0.900000
2016-05-25,1.872000,2.668000,79.600000,1.500000
2016-05-26,1.830000,2.641000,81.100000,1.500000
2016-05-27,1.851000,2.650000,79.900000,-1.200000
2016-05-30,1.862000,2.649000,78.700000,-1.200000
2016-05-31,1.851000,2.651000,80.000000,1.300000
2016-06-01,1.839000,2.618000,77.900000,-2.100000
2016-06-02,1.799000,2.578000,77.900000,0.000000
2016-06-03,1.702000,2.513000,81.100000,3.200000
2016-06-06,1.737000,2.558000,82.100000,1.000000
2016-06-07,1.716000,2.539000,82.300000,0.200000
2016-06-08,1.704000,2.510000,80.600000,-1.700000
2016-06-09,1.682000,2.478000,79.600000,-1.000000
2016-06-10,1.644000,2.455000,81.100000,1.500000
2016-06-13,1.613000,2.426000,81.300000,0.200000
2016-06-14,1.613000,2.423000,81.000000,-0.300000
2016-06-15,1.575000,2.410000,83.500000,2.500000
2016-06-16,1.579000,2.396000,81.700000,-1.800000
2016-06-17,1.611000,2.421000,81.000000,-0.700000
2016-06-20,1.678000,2.487000,80.900000,-0.100000
2016-06-21,1.709000,2.513000,80.400000,-0.500000
2016-06-22,1.687000,2.501000,81.400000,1.000000
2016-06-23,1.744000,2.555000,81.100000,-0.300000
2016-06-24,1.562000,2.412000,85.000000,3.900000
2016-06-27,1.444000,2.274000,83.000000,-2.000000
2016-06-28,1.465000,2.272000,80.700000,-2.300000
2016-06-29,1.517000,2.320000,80.300000,-0.400000
2016-06-30,1.475000,2.289000,81.400000,1.100000
2016-07-01,1.456000,2.241000,78.500000,-2.900000
2016-07-04,1.441000,2.218000,77.700000,-0.800000
2016-07-05,1.375000,2.155000,78.000000,0.300000
2016-07-06,1.373000,2.141000,76.800000,-1.200000
2016-07-07,1.385000,2.135000,75.000000,-1.800000
2016-07-08,1.358000,2.098000,74.000000,-1.000000
2016-07-11,1.430000,2.141000,71.100000,-2.900000
2016-07-12,1.507000,2.227000,72.000000,0.900000
2016-07-13,1.473000,2.171000,69.800000,-2.200000
2016-07-14,1.537000,2.254000,71.700000,1.900000
2016-07-15,1.558000,2.266000,70.800000,-0.900000
2016-07-18,1.582000,2.294000,71.200000,0.400000
2016-07-19,1.558000,2.273000,71.500000,0.300000
2016-07-20,1.580000,2.297000,71.700000,0.200000
2016-07-21,1.556000,2.290000,73.400000,1.700000
2016-07-22,1.566000,2.284000,71.800000,-1.600000
2016-07-25,1.575000,2.291000,71.600000,-0.200000
2016-07-26,1.563000,2.285000,72.200000,0.600000
2016-07-27,1.503000,2.217000,71.400000,-0.800000
2016-07-28,1.508000,2.234000,72.600000,1.200000
2016-07-29,1.450000,2.177000,72.700000,0.100000
2016-08-01,1.520000,2.264000,74.400000,1.700000
2016-08-02,1.554000,2.306000,75.200000,0.800000
2016-08-03,1.545000,2.298000,75.300000,0.100000
2016-08-04,1.503000,2.253000,75.000000,-0.300000
2016-08-05,1.590000,2.317000,72.700000,-2.300000
2016-08-06,1.590000,2.317000,72.700000,0.000000
2016-08-08,1.592000,2.306000,71.400000,-1.300000
2016-08-09,1.549000,2.264000,71.500000,0.100000
2016-08-10,1.513000,2.232000,71.900000,0.400000
2016-08-11,1.561000,2.275000,71.400000,-0.500000
2016-08-12,1.510000,2.230000,72.000000,0.600000
2016-08-13,1.510000,2.230000,72.000000,0.000000
2016-08-15,1.558000,2.282000,72.400000,0.400000
2016-08-16,1.575000,2.295000,72.000000,-0.400000
2016-08-17,1.549000,2.259000,71.000000,-1.000000
2016-08-18,1.534000,2.258000,72.400000,1.400000
2016-08-19,1.580000,2.287000,70.700000,-1.700000
2016-08-22,1.544000,2.239000,69.500000,-1.200000
2016-08-23,1.546000,2.229000,68.300000,-1.200000
2016-08-24,1.563000,2.252000,68.900000,0.600000
2016-08-25,1.578000,2.267000,68.900000,0.000000
2016-08-26,1.628000,2.287000,65.900000,-3.000000
2016-08-29,1.563000,2.216000,65.300000,-0.600000
2016-08-30,1.570000,2.232000,66.200000,0.900000
2016-08-31,1.578000,2.231000,65.300000,-0.900000
2016-09-01,1.568000,2.232000,66.400000,1.100000
2016-09-02,1.607000,2.282000,67.500000,1.100000
2016-09-05,1.609000,2.288000,67.900000,0.400000
2016-09-06,1.536000,2.228000,69.200000,1.300000
2016-09-07,1.536000,2.234000,69.800000,0.600000
2016-09-08,1.601000,2.307000,70.600000,0.800000
2016-09-09,1.675000,2.393000,71.800000,1.200000
2016-09-12,1.666000,2.392000,72.600000,0.800000
2016-09-13,1.729000,2.463000,73.400000,0.800000
2016-09-14,1.698000,2.449000,75.100000,1.700000
2016-09-15,1.698000,2.470000,77.200000,2.100000
2016-09-16,1.694000,2.445000,75.100000,-2.100000
2016-09-17,1.694000,2.445000,75.100000,0.000000
2016-09-19,1.707000,2.453000,74.600000,-0.500000
2016-09-20,1.693000,2.435000,74.200000,-0.400000
2016-09-21,1.655000,2.378000,72.300000,-1.900000
2016-09-22,1.618000,2.337000,71.900000,-0.400000
2016-09-23,1.620000,2.345000,72.500000,0.600000
2016-09-24,1.620000,2.345000,72.500000,0.000000
2016-09-26,1.584000,2.320000,73.600000,1.100000
2016-09-27,1.560000,2.280000,72.000000,-1.600000
2016-09-28,1.572000,2.289000,71.700000,-0.300000
2016-09-29,1.558000,2.277000,71.900000,0.200000
2016-09-30,1.598000,2.318000,72.000000,0.100000
2016-10-03,1.627000,2.345000,71.800000,-0.200000
2016-10-04,1.690000,2.414000,72.400000,0.600000
2016-10-05,1.706000,2.425000,71.900000,-0.500000
2016-10-06,1.739000,2.456000,71.700000,-0.200000
2016-10-07,1.723000,2.455000,73.200000,1.500000
2016-10-10,1.765000,2.497000,73.200000,0.000000
2016-10-11,1.767000,2.504000,73.700000,0.500000
2016-10-12,1.771000,2.498000,72.700000,-1.000000
2016-10-13,1.746000,2.481000,73.500000,0.800000
2016-10-14,1.805000,2.563000,75.800000,2.300000
2016-10-15,1.805000,2.563000,75.800000,0.000000
2016-10-17,1.768000,2.525000,75.700000,-0.100000
2016-10-18,1.740000,2.505000,76.500000,0.800000
2016-10-19,1.747000,2.508000,76.100000,-0.400000
2016-10-20,1.756000,2.505000,74.900000,-1.200000
2016-10-21,1.736000,2.486000,75.000000,0.100000
2016-10-24,1.766000,2.519000,75.300000,0.300000
2016-10-25,1.758000,2.501000,74.300000,-1.000000
2016-10-26,1.791000,2.540000,74.900000,0.600000
2016-10-27,1.850000,2.611000,76.100000,1.200000
2016-10-28,1.849000,2.616000,76.700000,0.600000
2016-10-31,1.826000,2.580000,75.400000,-1.300000
2016-11-01,1.827000,2.577000,75.000000,-0.400000
2016-11-02,1.801000,2.565000,76.400000,1.400000
2016-11-03,1.810000,2.597000,78.700000,2.300000
2016-11-04,1.778000,2.562000,78.400000,-0.300000
2016-11-07,1.828000,2.601000,77.300000,-1.100000
2016-11-08,1.858000,2.617000,75.900000,-1.400000
2016-11-09,2.068000,2.858000,79.000000,3.100000
2016-11-10,2.138000,2.945000,80.700000,1.700000
2016-11-14,2.254000,3.001000,74.700000,-6.000000
2016-11-15,2.230000,2.966000,73.600000,-1.100000
2016-11-16,2.214000,2.915000,70.100000,-3.500000
2016-11-17,2.297000,3.006000,70.900000,0.800000
2016-11-18,2.348000,3.026000,67.800000,-3.100000
2016-11-21,2.314000,2.990000,67.600000,-0.200000
2016-11-22,2.314000,2.999000,68.500000,0.900000
2016-11-23,2.355000,3.024000,66.900000,-1.600000
2016-11-24,2.382000,3.047000,66.500000,-0.400000
2016-11-25,2.359000,3.008000,64.900000,-1.600000
2016-11-28,2.312000,2.975000,66.300000,1.400000
2016-11-29,2.293000,2.947000,65.400000,-0.900000
2016-11-30,2.390000,3.044000,65.400000,0.000000
2016-12-01,2.454000,3.111000,65.700000,0.300000
2016-12-02,2.392000,3.071000,67.900000,2.200000
2016-12-05,2.401000,3.071000,67.000000,-0.900000
2016-12-06,2.392000,3.078000,68.600000,1.600000
2016-12-07,2.344000,3.026000,68.200000,-0.400000
2016-12-08,2.409000,3.104000,69.500000,1.300000
2016-12-09,2.466000,3.155000,68.900000,-0.600000
2016-12-12,2.477000,3.155000,67.800000,-1.100000
2016-12-13,2.473000,3.132000,65.900000,-1.900000
2016-12-14,2.567000,3.179000,61.200000,-4.700000
2016-12-15,2.606000,3.165000,55.900000,-5.300000
2016-12-16,2.599000,3.182000,58.300000,2.400000
2016-12-19,2.544000,3.125000,58.100000,-0.200000
2016-12-20,2.560000,3.140000,58.000000,-0.100000
2016-12-21,2.538000,3.112000,57.400000,-0.600000
2016-12-22,2.553000,3.127000,57.400000,-0.000000
2016-12-23,2.543000,3.116000,57.300000,-0.100000
2016-12-26,2.543000,3.116000,57.300000,0.000000
2016-12-27,2.561000,3.135000,57.400000,0.100000
2016-12-28,2.512000,3.094000,58.200000,0.800000
2016-12-29,2.477000,3.079000,60.200000,2.000000
2016-12-30,2.446000,3.063000,61.700000,1.500000
2017-01-02,2.446000,3.063000,61.700000,0.000000
2017-01-03,2.448000,3.051000,60.300000,-1.400000
2017-01-04,2.441000,3.041000,60.000000,-0.300000
2017-01-05,2.348000,2.944000,59.600000,-0.400000
2017-01-06,2.421000,3.008000,58.700000,-0.900000
2017-01-09,2.368000,2.963000,59.500000,0.800000
2017-01-10,2.378000,2.968000,59.000000,-0.500000
2017-01-11,2.370000,2.952000,58.200000,-0.800000
2017-01-12,2.361000,2.962000,60.100000,1.900000
2017-01-13,2.398000,2.990000,59.200000,-0.900000
2017-01-16,2.378000,2.974000,59.600000,0.400000
2017-01-17,2.325000,2.929000,60.400000,0.800000
2017-01-18,2.428000,3.020000,59.200000,-1.200000
2017-01-19,2.470000,3.045000,57.500000,-1.700000
2017-01-20,2.467000,3.049000,58.200000,0.700000
2017-01-23,2.401000,2.989000,58.800000,0.600000
2017-01-24,2.465000,3.050000,58.500000,-0.300000
2017-01-25,2.515000,3.101000,58.600000,0.100000
2017-01-26,2.512000,3.089000,57.700000,-0.900000
2017-01-27,2.486000,3.061000,57.500000,-0.200000
2017-01-30,2.490000,3.078000,58.800000,1.300000
2017-01-31,2.466000,3.070000,60.400000,1.600000
2017-02-01,2.477000,3.084000,60.700000,0.300000
2017-02-02,2.474000,3.087000,61.300000,0.600000
2017-02-03,2.467000,3.093000,62.600000,1.300000
2017-02-06,2.417000,3.058000,64.100000,1.500000
2017-02-07,2.397000,3.022000,62.500000,-1.600000
2017-02-08,2.340000,2.948000,60.800000,-1.700000
2017-02-09,2.397000,3.009000,61.200000,0.400000
2017-02-10,2.409000,3.006000,59.700000,-1.500000
2017-02-13,2.436000,3.031000,59.500000,-0.200000
2017-02-14,2.472000,3.059000,58.700000,-0.800000
2017-02-15,2.497000,3.080000,58.300000,-0.400000
2017-02-16,2.447000,3.048000,60.100000,1.800000
2017-02-17,2.420000,3.026000,60.600000,0.500000
2017-02-20,2.436000,3.042000,60.600000,0.000000
2017-02-21,2.431000,3.041000,61.000000,0.400000
2017-02-22,2.415000,3.034000,61.900000,0.900000
2017-02-23,2.375000,3.015000,64.000000,2.100000
2017-02-24,2.315000,2.953000,63.800000,-0.200000
2017-02-27,2.367000,2.984000,61.700000,-2.100000
2017-02-28,2.397000,2.998000,60.100000,-1.600000
2017-03-01,2.458000,3.062000,60.400000,0.300000
2017-03-02,2.481000,3.075000,59.400000,-1.000000
2017-03-03,2.482000,3.075000,59.300000,-0.100000
2017-03-06,2.494000,3.101000,60.700000,1.400000
2017-03-07,2.518000,3.118000,60.000000,-0.700000
2017-03-08,2.560000,3.151000,59.100000,-0.900000
2017-03-09,2.609000,3.192000,58.300000,-0.800000
2017-03-10,2.575000,3.162000,58.700000,0.400000
2017-03-13,2.626000,3.212000,58.600000,-0.100000
2017-03-14,2.602000,3.179000,57.700000,-0.900000
2017-03-15,2.500000,3.112000,61.200000,3.500000
2017-03-16,2.537000,3.147000,61.000000,-0.200000
2017-03-17,2.500000,3.110000,61.000000,0.000000
2017-03-18,2.500000,3.110000,61.000000,0.000000
2017-03-20,2.463000,3.077000,61.400000,0.400000
2017-03-21,2.416000,3.033000,61.700000,0.300000
2017-03-22,2.403000,3.017000,61.400000,-0.300000
2017-03-23,2.418000,3.030000,61.200000,-0.200000
2017-03-24,2.418000,3.017000,59.900000,-1.300000
2017-03-27,2.378000,2.983000,60.500000,0.600000
2017-03-28,2.420000,3.026000,60.600000,0.100000
2017-03-29,2.380000,2.987000,60.700000,0.100000
2017-03-30,2.421000,3.034000,61.300000,0.600000
2017-03-31,2.389000,3.012000,62.300000,1.000000
2017-04-03,2.323000,2.954000,63.100000,0.800000
2017-04-04,2.364000,3.003000,63.900000,0.800000
2017-04-05,2.339000,2.988000,64.900000,1.000000
2017-04-06,2.341000,2.986000,64.500000,-0.400000
2017-04-07,2.382000,3.009000,62.700000,-1.800000
2017-04-10,2.366000,2.990000,62.400000,-0.300000
2017-04-11,2.298000,2.930000,63.200000,0.800000
2017-04-12,2.244000,2.890000,64.600000,1.400000
2017-04-13,2.232000,2.888000,65.600000,1.000000
2017-04-17,2.248000,2.906000,65.800000,0.200000
2017-04-18,2.172000,2.838000,66.600000,0.800000
2017-04-19,2.216000,2.875000,65.900000,-0.700000
2017-04-20,2.236000,2.884000,64.800000,-1.100000
2017-04-21,2.246000,2.904000,65.800000,1.000000
2017-04-22,2.246000,2.904000,65.800000,0.000000
2017-04-24,2.273000,2.927000,65.400000,-0.400000
2017-04-25,2.334000,2.987000,65.300000,-0.100000
2017-04-26,2.303000,2.961000,65.800000,0.500000
2017-04-27,2.300000,2.970000,67.000000,1.200000
2017-04-28,2.289000,2.958000,66.900000,-0.100000
2017-05-01,2.322000,3.004000,68.200000,1.300000
2017-05-02,2.287000,2.976000,68.900000,0.700000
2017-05-03,2.322000,2.969000,64.700000,-4.200000
2017-05-04,2.352000,2.998000,64.600000,-0.100000
2017-05-05,2.351000,2.990000,63.900000,-0.700000
2017-05-08,2.389000,3.024000,63.500000,-0.400000
2017-05-09,2.398000,3.026000,62.800000,-0.700000
2017-05-10,2.411000,3.036000,62.500000,-0.300000
2017-05-11,2.393000,3.030000,63.700000,1.200000
2017-05-12,2.326000,2.986000,66.000000,2.300000
2017-05-15,2.343000,3.005000,66.200000,0.200000
2017-05-16,2.326000,2.992000,66.600000,0.400000
2017-05-17,2.223000,2.906000,68.300000,1.700000
2017-05-18,2.228000,2.900000,67.200000,-1.100000
2017-05-19,2.235000,2.897000,66.200000,-1.000000
2017-05-22,2.252000,2.912000,66.000000,-0.200000
2017-05-23,2.282000,2.943000,66.100000,0.100000
2017-05-24,2.252000,2.923000,67.100000,1.000000
2017-05-25,2.255000,2.920000,66.500000,-0.600000
2017-05-26,2.250000,2.916000,66.600000,0.100000
2017-05-29,2.243000,2.906000,66.300000,-0.300000
2017-05-30,2.208000,2.877000,66.900000,0.600000
2017-05-31,2.206000,2.866000,66.000000,-0.900000
2017-06-01,2.213000,2.864000,65.100000,-0.900000
2017-06-02,2.159000,2.810000,65.100000,0.000000
2017-06-05,2.183000,2.839000,65.600000,0.500000
2017-06-06,2.145000,2.811000,66.600000,1.000000
2017-06-07,2.176000,2.840000,66.400000,-0.200000
2017-06-08,2.192000,2.851000,65.900000,-0.500000
2017-06-09,2.202000,2.856000,65.400000,-0.500000
2017-06-12,2.214000,2.869000,65.500000,0.100000
2017-06-13,2.211000,2.865000,65.400000,-0.100000
2017-06-14,2.127000,2.769000,64.200000,-1.200000
2017-06-15,2.164000,2.787000,62.300000,-1.900000
2017-06-16,2.153000,2.775000,62.200000,-0.100000
2017-06-19,2.191000,2.784000,59.300000,-2.900000
2017-06-20,2.157000,2.736000,57.900000,-1.400000
2017-06-21,2.165000,2.730000,56.500000,-1.400000
2017-06-22,2.148000,2.716000,56.800000,0.300000
2017-06-23,2.144000,2.715000,57.100000,0.300000
2017-06-26,2.135000,2.695000,56.000000,-1.100000
2017-06-27,2.203000,2.750000,54.700000,-1.300000
2017-06-28,2.226000,2.779000,55.300000,0.600000
2017-06-29,2.267000,2.814000,54.700000,-0.600000
2017-06-30,2.304000,2.834000,53.000000,-1.700000
2017-07-01,2.304000,2.834000,53.000000,0.000000
2017-07-03,2.348000,2.864000,51.600000,-1.400000
2017-07-04,2.334000,2.856000,52.200000,0.600000
2017-07-05,2.327000,2.849000,52.200000,0.000000
2017-07-06,2.368000,2.902000,53.400000,1.200000
2017-07-07,2.386000,2.926000,54.000000,0.600000
2017-07-10,2.373000,2.925000,55.200000,1.200000
2017-07-11,2.361000,2.923000,56.200000,1.000000
2017-07-12,2.319000,2.886000,56.700000,0.500000
2017-07-13,2.348000,2.919000,57.100000,0.400000
2017-07-14,2.332000,2.920000,58.800000,1.700000
2017-07-17,2.314000,2.902000,58.800000,0.000000
2017-07-18,2.261000,2.849000,58.800000,0.000000
2017-07-19,2.271000,2.851000,58.000000,-0.800000
2017-07-20,2.257000,2.824000,56.700000,-1.300000
2017-07-21,2.237000,2.809000,57.200000,0.500000
2017-07-24,2.257000,2.835000,57.800000,0.600000
2017-07-25,2.332000,2.913000,58.100000,0.300000
2017-07-26,2.293000,2.896000,60.300000,2.200000
2017-07-27,2.319000,2.932000,61.300000,1.000000
2017-07-28,2.291000,2.895000,60.400000,-0.900000
2017-07-31,2.296000,2.901000,60.500000,0.100000
2017-08-01,2.253000,2.855000,60.200000,-0.300000
2017-08-02,2.271000,2.854000,58.300000,-1.900000
2017-08-03,2.219000,2.794000,57.500000,-0.800000
2017-08-04,2.264000,2.842000,57.800000,0.300000
2017-08-07,2.257000,2.837000,58.000000,0.200000
2017-08-08,2.262000,2.844000,58.200000,0.200000
2017-08-09,2.249000,2.825000,57.600000,-0.600000
2017-08-10,2.201000,2.776000,57.500000,-0.100000
2017-08-11,2.191000,2.787000,59.600000,2.100000
2017-08-14,2.224000,2.813000,58.900000,-0.700000
2017-08-15,2.273000,2.847000,57.400000,-1.500000
2017-08-16,2.226000,2.807000,58.100000,0.700000
2017-08-17,2.185000,2.773000,58.800000,0.700000
2017-08-18,2.197000,2.779000,58.200000,-0.600000
2017-08-21,2.183000,2.765000,58.200000,0.000000
2017-08-22,2.217000,2.789000,57.200000,-1.000000
2017-08-23,2.169000,2.747000,57.800000,0.600000
2017-08-24,2.196000,2.769000,57.300000,-0.500000
2017-08-25,2.169000,2.749000,58.000000,0.700000
2017-08-28,2.159000,2.756000,59.700000,1.700000
2017-08-29,2.129000,2.739000,61.000000,1.300000
2017-08-30,2.136000,2.740000,60.400000,-0.600000
2017-08-31,2.121000,2.727000,60.600000,0.200000
2017-09-01,2.166000,2.775000,60.900000,0.300000
2017-09-05,2.063000,2.681000,61.800000,0.900000
2017-09-06,2.106000,2.724000,61.800000,0.000000
2017-09-07,2.042000,2.662000,62.000000,0.200000
2017-09-08,2.054000,2.671000,61.700000,-0.300000
2017-09-11,2.134000,2.748000,61.400000,-0.300000
2017-09-12,2.167000,2.772000,60.500000,-0.900000
2017-09-13,2.194000,2.790000,59.600000,-0.900000
2017-09-14,2.187000,2.768000,58.100000,-1.500000
2017-09-15,2.202000,2.769000,56.700000,-1.400000
2017-09-18,2.234000,2.803000,56.900000,0.200000
2017-09-19,2.246000,2.815000,56.900000,0.000000
2017-09-20,2.273000,2.811000,53.800000,-3.100000
2017-09-21,2.278000,2.805000,52.700000,-1.100000
2017-09-22,2.253000,2.785000,53.200000,0.500000
2017-09-25,2.222000,2.761000,53.900000,0.700000
2017-09-26,2.236000,2.774000,53.800000,-0.100000
2017-09-27,2.310000,2.863000,55.300000,1.500000
2017-09-28,2.309000,2.869000,56.000000,0.700000
2017-09-29,2.339000,2.866000,52.700000,-3.300000
2017-10-02,2.341000,2.871000,53.000000,0.300000
2017-10-03,2.325000,2.863000,53.800000,0.800000
2017-10-04,2.323000,2.865000,54.200000,0.400000
2017-10-05,2.348000,2.888000,54.000000,-0.200000
2017-10-06,2.361000,2.896000,53.500000,-0.500000
2017-10-09,2.361000,2.898000,53.700000,0.200000
2017-10-10,2.355000,2.888000,53.300000,-0.400000
2017-10-11,2.353000,2.886000,53.300000,0.000000
2017-10-12,2.321000,2.851000,53.000000,-0.300000
2017-10-13,2.275000,2.806000,53.100000,0.100000
2017-10-16,2.305000,2.822000,51.700000,-1.400000
2017-10-17,2.302000,2.803000,50.100000,-1.600000
2017-10-18,2.345000,2.851000,50.600000,0.500000
2017-10-19,2.318000,2.837000,51.900000,1.300000
2017-10-20,2.383000,2.895000,51.200000,-0.700000
2017-10-23,2.370000,2.886000,51.600000,0.400000
2017-10-24,2.421000,2.936000,51.500000,-0.100000
2017-10-25,2.435000,2.944000,50.900000,-0.600000
2017-10-26,2.463000,2.972000,50.900000,0.000000
2017-10-27,2.415000,2.925000,51.000000,0.100000
2017-10-30,2.370000,2.883000,51.300000,0.300000
2017-10-31,2.378000,2.875000,49.700000,-1.600000
2017-11-01,2.372000,2.856000,48.400000,-1.300000
2017-11-02,2.349000,2.827000,47.800000,-0.600000
2017-11-03,2.332000,2.812000,48.000000,0.200000
2017-11-06,2.318000,2.797000,47.900000,-0.100000
2017-11-07,2.316000,2.779000,46.300000,-1.600000
2017-11-08,2.334000,2.791000,45.700000,-0.600000
2017-11-09,2.340000,2.814000,47.400000,1.700000
2017-11-10,2.402000,2.883000,48.100000,0.700000
2017-11-13,2.407000,2.874000,46.700000,-1.400000
2017-11-14,2.375000,2.832000,45.700000,-1.000000
2017-11-15,2.326000,2.769000,44.300000,-1.400000
2017-11-16,2.375000,2.824000,44.900000,0.600000
2017-11-17,2.345000,2.779000,43.400000,-1.500000
2017-11-20,2.368000,2.782000,41.400000,-2.000000
2017-11-21,2.358000,2.760000,40.200000,-1.200000
2017-11-22,2.320000,2.741000,42.100000,1.900000
2017-11-23,2.326000,2.741000,41.500000,-0.600000
2017-11-24,2.340000,2.761000,42.100000,0.600000
2017-11-27,2.331000,2.769000,43.800000,1.700000
2017-11-28,2.326000,2.756000,43.000000,-0.800000
2017-11-29,2.388000,2.824000,43.600000,0.600000
2017-11-30,2.415000,2.832000,41.700000,-1.900000
2017-12-01,2.363000,2.758000,39.500000,-2.200000
2017-12-04,2.372000,2.762000,39.000000,-0.500000
2017-12-05,2.353000,2.732000,37.900000,-1.100000
2017-12-06,2.340000,2.727000,38.700000,0.800000
2017-12-07,2.362000,2.759000,39.700000,1.000000
2017-12-08,2.378000,2.767000,38.900000,-0.800000
2017-12-11,2.390000,2.777000,38.700000,-0.200000
2017-12-12,2.403000,2.775000,37.200000,-1.500000
2017-12-13,2.348000,2.730000,38.200000,1.000000
2017-12-14,2.349000,2.706000,35.700000,-2.500000
2017-12-15,2.351000,2.686000,33.500000,-2.200000
2017-12-16,2.351000,2.686000,33.500000,0.000000
2017-12-18,2.394000,2.740000,34.600000,1.100000
2017-12-19,2.459000,2.814000,35.500000,0.900000
2017-12-20,2.497000,2.877000,38.000000,2.500000
2017-12-21,2.484000,2.839000,35.500000,-2.500000
2017-12-22,2.485000,2.833000,34.800000,-0.700000
2017-12-25,2.492000,2.850000,35.800000,1.000000
2017-12-26,2.474000,2.822000,34.800000,-1.000000
2017-12-27,2.412000,2.748000,33.600000,-1.200000
2017-12-28,2.434000,2.758000,32.400000,-1.200000
2017-12-29,2.405000,2.739000,33.400000,1.000000
2018-01-01,2.405000,2.739000,33.400000,0.000000
2018-01-02,2.461000,2.809000,34.800000,1.400000
2018-01-03,2.445000,2.782000,33.700000,-1.100000
2018-01-04,2.453000,2.785000,33.200000,-0.500000
2018-01-05,2.476000,2.808000,33.200000,-0.000000
2018-01-08,2.480000,2.810000,33.000000,-0.200000
2018-01-09,2.551000,2.893000,34.200000,1.200000
2018-01-10,2.559000,2.899000,34.000000,-0.200000
2018-01-11,2.537000,2.867000,33.000000,-1.000000
2018-01-12,2.550000,2.852000,30.200000,-2.800000
2018-01-15,2.552000,2.855000,30.300000,0.100000
2018-01-16,2.539000,2.831000,29.200000,-1.100000
2018-01-17,2.587000,2.854000,26.700000,-2.500000
2018-01-18,2.624000,2.901000,27.700000,1.000000
2018-01-19,2.661000,2.933000,27.200000,-0.500000
2018-01-22,2.656000,2.917000,26.100000,-1.100000
2018-01-23,2.617000,2.897000,28.000000,1.900000
2018-01-24,2.648000,2.931000,28.300000,0.300000
2018-01-25,2.624000,2.891000,26.700000,-1.600000
2018-01-26,2.660000,2.911000,25.100000,-1.600000
2018-01-29,2.699000,2.949000,25.000000,-0.100000
2018-01-30,2.724000,2.976000,25.200000,0.200000
2018-01-31,2.713000,2.941000,22.800000,-2.400000
2018-02-01,2.782000,3.017000,23.500000,0.700000
2018-02-02,2.841000,3.087000,24.600000,1.100000
2018-02-05,2.709000,3.003000,29.400000,4.800000
2018-02-06,2.805000,3.067000,26.200000,-3.200000
2018-02-07,2.834000,3.109000,27.500000,1.300000
2018-02-08,2.828000,3.130000,30.200000,2.700000
2018-02-09,2.857000,3.165000,30.800000,0.600000
2018-02-12,2.859000,3.144000,28.500000,-2.300000
2018-02-13,2.833000,3.117000,28.400000,-0.100000
2018-02-14,2.913000,3.172000,25.900000,-2.500000
2018-02-15,2.906000,3.162000,25.600000,-0.300000
2018-02-16,2.873000,3.131000,25.800000,0.200000
2018-02-19,2.889000,3.136000,24.700000,-1.100000
2018-02-20,2.891000,3.155000,26.400000,1.700000
2018-02-21,2.952000,3.228000,27.600000,1.200000
2018-02-22,2.919000,3.204000,28.500000,0.900000
2018-02-23,2.866000,3.155000,28.900000,0.400000
2018-02-26,2.864000,3.156000,29.200000,0.300000
2018-02-27,2.901000,3.163000,26.200000,-3.000000
2018-02-28,2.864000,3.128000,26.400000,0.200000
2018-03-01,2.811000,3.092000,28.100000,1.700000
2018-03-02,2.868000,3.142000,27.400000,-0.700000
2018-03-05,2.883000,3.153000,27.000000,-0.400000
2018-03-06,2.886000,3.153000,26.700000,-0.300000
2018-03-07,2.881000,3.150000,26.900000,0.200000
2018-03-08,2.857000,3.123000,26.600000,-0.300000
2018-03-09,2.896000,3.161000,26.500000,-0.100000
2018-03-12,2.866000,3.128000,26.200000,-0.300000
2018-03-13,2.844000,3.099000,25.500000,-0.700000
2018-03-14,2.819000,3.059000,24.000000,-1.500000
2018-03-15,2.826000,3.058000,23.200000,-0.800000
2018-03-16,2.845000,3.077000,23.200000,0.000000
2018-03-19,2.855000,3.088000,23.300000,0.100000
2018-03-20,2.900000,3.132000,23.200000,-0.100000
2018-03-21,2.881000,3.111000,23.000000,-0.200000
2018-03-22,2.823000,3.058000,23.500000,0.500000
2018-03-23,2.813000,3.062000,24.900000,1.400000
2018-03-26,2.852000,3.086000,23.400000,-1.500000
2018-03-27,2.775000,3.027000,25.200000,1.800000
2018-03-28,2.783000,3.021000,23.800000,-1.400000
2018-03-29,2.741000,2.972000,23.100000,-0.700000
2018-04-02,2.733000,2.967000,23.400000,0.300000
2018-04-03,2.781000,3.014000,23.300000,-0.100000
2018-04-04,2.808000,3.043000,23.500000,0.200000
2018-04-05,2.834000,3.074000,24.000000,0.500000
2018-04-06,2.775000,3.019000,24.400000,0.400000
2018-04-09,2.781000,3.014000,23.300000,-1.100000
2018-04-10,2.801000,3.020000,21.900000,-1.400000
2018-04-11,2.779000,2.994000,21.500000,-0.400000
2018-04-12,2.843000,3.046000,20.300000,-1.200000
2018-04-13,2.825000,3.027000,20.200000,-0.100000
2018-04-16,2.829000,3.025000,19.600000,-0.600000
2018-04-17,2.830000,3.017000,18.700000,-0.900000
2018-04-18,2.875000,3.061000,18.600000,-0.100000
2018-04-19,2.914000,3.102000,18.800000,0.200000
2018-04-20,2.960000,3.147000,18.700000,-0.100000
2018-04-23,2.977000,3.144000,16.700000,-2.000000
2018-04-24,3.000000,3.183000,18.300000,1.600000
2018-04-25,3.032000,3.212000,18.000000,-0.300000
2018-04-26,2.983000,3.163000,18.000000,-0.000000
2018-04-27,2.959000,3.127000,16.800000,-1.200000
2018-04-30,2.955000,3.124000,16.900000,0.100000
2018-05-01,2.968000,3.130000,16.200000,-0.700000
2018-05-02,2.976000,3.151000,17.500000,1.300000
2018-05-03,2.948000,3.123000,17.500000,0.000000
2018-05-04,2.951000,3.123000,17.200000,-0.300000
2018-05-07,2.952000,3.123000,17.100000,-0.100000
2018-05-08,2.972000,3.128000,15.600000,-1.500000
2018-05-09,3.006000,3.163000,15.700000,0.100000
2018-05-10,2.964000,3.109000,14.500000,-1.200000
2018-05-11,2.970000,3.102000,13.200000,-1.300000
2018-05-14,3.002000,3.132000,13.000000,-0.200000
2018-05-15,3.072000,3.198000,12.600000,-0.400000
2018-05-16,3.104000,3.223000,11.900000,-0.700000
2018-05-17,3.115000,3.250000,13.500000,1.600000
2018-05-18,3.060000,3.202000,14.200000,0.700000
2018-05-21,3.058000,3.201000,14.300000,0.100000
2018-05-22,3.063000,3.207000,14.400000,0.100000
2018-05-23,2.993000,3.152000,15.900000,1.500000
2018-05-24,2.977000,3.127000,15.000000,-0.900000
2018-05-25,2.931000,3.090000,15.900000,0.900000
2018-05-28,2.898000,3.069000,17.100000,1.200000
2018-05-29,2.790000,2.976000,18.600000,1.500000
2018-05-30,2.857000,3.025000,16.800000,-1.800000
2018-05-31,2.860000,3.024000,16.400000,-0.400000
2018-06-01,2.902000,3.051000,14.900000,-1.500000
2018-06-04,2.944000,3.085000,14.100000,-0.800000
2018-06-05,2.926000,3.082000,15.600000,1.500000
2018-06-06,2.974000,3.123000,14.900000,-0.700000
2018-06-07,2.922000,3.073000,15.100000,0.200000
2018-06-08,2.948000,3.091000,14.300000,-0.800000
2018-06-11,2.952000,3.093000,14.100000,-0.200000
2018-06-12,2.964000,3.095000,13.100000,-1.000000
2018-06-13,2.974000,3.092000,11.800000,-1.300000
2018-06-14,2.935000,3.055000,12.000000,0.200000
2018-06-15,2.922000,3.047000,12.500000,0.500000
2018-06-18,2.917000,3.044000,12.700000,0.200000
2018-06-19,2.897000,3.031000,13.400000,0.700000
2018-06-20,2.937000,3.074000,13.700000,0.300000
2018-06-21,2.899000,3.043000,14.400000,0.700000
2018-06-22,2.895000,3.037000,14.200000,-0.200000
2018-06-25,2.882000,3.027000,14.500000,0.300000
2018-06-26,2.877000,3.024000,14.700000,0.200000
2018-06-27,2.827000,2.969000,14.200000,-0.500000
2018-06-28,2.840000,2.967000,12.700000,-1.500000
2018-06-29,2.860000,2.990000,13.000000,0.300000
2018-07-02,2.871000,2.993000,12.200000,-0.800000
2018-07-03,2.833000,2.960000,12.700000,0.500000
2018-07-04,2.842000,2.967000,12.500000,-0.200000
2018-07-05,2.833000,2.947000,11.400000,-1.100000
2018-07-06,2.824000,2.931000,10.700000,-0.700000
2018-07-09,2.858000,2.966000,10.800000,0.100000
2018-07-10,2.867000,2.966000,9.900000,-0.900000
2018-07-11,2.840000,2.942000,10.200000,0.300000
2018-07-12,2.849000,2.947000,9.800000,-0.400000
2018-07-13,2.829000,2.933000,10.400000,0.600000
2018-07-16,2.856000,2.961000,10.500000,0.100000
2018-07-17,2.860000,2.969000,10.900000,0.400000
2018-07-18,2.875000,2.989000,11.400000,0.500000
2018-07-19,2.838000,2.958000,12.000000,0.600000
2018-07-20,2.895000,3.031000,13.600000,1.600000
2018-07-23,2.960000,3.095000,13.500000,-0.100000
2018-07-24,2.950000,3.076000,12.600000,-0.900000
2018-07-25,2.973000,3.100000,12.700000,0.100000
2018-07-26,2.982000,3.104000,12.200000,-0.500000
2018-07-27,2.958000,3.085000,12.700000,0.500000
2018-07-30,2.975000,3.107000,13.200000,0.500000
2018-07-31,2.962000,3.081000,11.900000,-1.300000
2018-08-01,3.004000,3.131000,12.700000,0.800000
2018-08-02,2.986000,3.119000,13.300000,0.600000
2018-08-03,2.951000,3.089000,13.800000,0.500000
2018-08-06,2.945000,3.093000,14.800000,1.000000
2018-08-07,2.977000,3.122000,14.500000,-0.300000
2018-08-08,2.964000,3.113000,14.900000,0.400000
2018-08-09,2.929000,3.072000,14.300000,-0.600000
2018-08-10,2.873000,3.032000,15.900000,1.600000
2018-08-13,2.877000,3.046000,16.900000,1.000000
2018-08-14,2.900000,3.067000,16.700000,-0.200000
2018-08-15,2.864000,3.031000,16.700000,0.000000
2018-08-16,2.870000,3.027000,15.700000,-1.000000
2018-08-17,2.864000,3.018000,15.400000,-0.300000
2018-08-20,2.819000,2.983000,16.400000,1.000000
2018-08-21,2.842000,3.002000,16.000000,-0.400000
2018-08-22,2.821000,2.983000,16.200000,0.200000
2018-08-23,2.828000,2.980000,15.200000,-1.000000
2018-08-24,2.813000,2.961000,14.800000,-0.400000
2018-08-27,2.846000,2.994000,14.800000,0.000000
2018-08-28,2.884000,3.033000,14.900000,0.100000
2018-08-29,2.886000,3.023000,13.700000,-1.200000
2018-08-30,2.859000,3.007000,14.800000,1.100000
2018-08-31,2.860000,3.019000,15.900000,1.100000
2018-09-03,2.862000,3.029000,16.700000,0.800000
2018-09-04,2.898000,3.062000,16.400000,-0.300000
2018-09-05,2.904000,3.076000,17.200000,0.800000
2018-09-06,2.878000,3.054000,17.600000,0.400000
2018-09-07,2.939000,3.101000,16.200000,-1.400000
2018-09-10,2.935000,3.084000,14.900000,-1.300000
2018-09-11,2.981000,3.123000,14.200000,-0.700000
2018-09-12,2.964000,3.107000,14.300000,0.100000
2018-09-13,2.974000,3.112000,13.800000,-0.500000
2018-09-14,3.000000,3.133000,13.300000,-0.500000
2018-09-17,2.994000,3.133000,13.900000,0.600000
2018-09-18,3.057000,3.202000,14.500000,0.600000
2018-09-19,3.066000,3.212000,14.600000,0.100000
2018-09-20,3.065000,3.199000,13.400000,-1.200000
2018-09-21,3.066000,3.203000,13.700000,0.300000
2018-09-24,3.089000,3.224000,13.500000,-0.200000
2018-09-25,3.098000,3.227000,12.900000,-0.600000
2018-09-26,3.048000,3.182000,13.400000,0.500000
2018-09-27,3.056000,3.185000,12.900000,-0.500000
2018-09-28,3.065000,3.208000,14.300000,1.400000
2018-10-01,3.086000,3.237000,15.100000,0.800000
2018-10-02,3.061000,3.214000,15.300000,0.200000
2018-10-03,3.181000,3.336000,15.500000,0.200000
2018-10-04,3.187000,3.348000,16.100000,0.600000
2018-10-05,3.233000,3.405000,17.200000,1.100000
2018-10-08,3.231000,3.420000,18.900000,1.700000
2018-10-09,3.206000,3.366000,16.000000,-2.900000
2018-10-10,3.174000,3.362000,18.800000,2.800000
2018-10-11,3.146000,3.317000,17.100000,-1.700000
2018-10-12,3.167000,3.338000,17.100000,0.000000
2018-10-15,3.156000,3.335000,17.900000,0.800000
2018-10-16,3.163000,3.335000,17.200000,-0.700000
2018-10-17,3.207000,3.375000,16.800000,-0.400000
2018-10-18,3.177000,3.363000,18.600000,1.800000
2018-10-19,3.196000,3.379000,18.300000,-0.300000
2018-10-22,3.200000,3.391000,19.100000,0.800000
2018-10-23,3.171000,3.370000,19.900000,0.800000
2018-10-24,3.111000,3.336000,22.500000,2.600000
2018-10-25,3.126000,3.349000,22.300000,-0.200000
2018-10-26,3.077000,3.312000,23.500000,1.200000
2018-10-29,3.089000,3.334000,24.500000,1.000000
2018-10-30,3.119000,3.359000,24.000000,-0.500000
2018-10-31,3.149000,3.396000,24.700000,0.700000
2018-11-01,3.134000,3.376000,24.200000,-0.500000
2018-11-02,3.220000,3.462000,24.200000,0.000000
2018-11-05,3.201000,3.428000,22.700000,-1.500000
2018-11-06,3.231000,3.446000,21.500000,-1.200000
2018-11-07,3.237000,3.443000,20.600000,-0.900000
2018-11-08,3.239000,3.436000,19.700000,-0.900000
2018-11-09,3.186000,3.388000,20.200000,0.500000
2018-11-12,3.151000,3.352000,20.100000,-0.100000
2018-11-13,3.141000,3.361000,22.000000,1.900000
2018-11-14,3.127000,3.366000,23.900000,1.900000
2018-11-15,3.110000,3.358000,24.800000,0.900000
2018-11-16,3.065000,3.318000,25.300000,0.500000
2018-11-19,3.063000,3.322000,25.900000,0.600000
2018-11-20,3.061000,3.314000,25.300000,-0.600000
2018-11-21,3.065000,3.316000,25.100000,-0.200000
2018-11-22,3.065000,3.316000,25.100000,0.000000
2018-11-23,3.046000,3.306000,26.000000,0.900000
2018-11-26,3.059000,3.317000,25.800000,-0.200000
2018-11-27,3.059000,3.319000,26.000000,0.200000
2018-11-28,3.061000,3.348000,28.700000,2.700000
2018-11-29,3.032000,3.327000,29.500000,0.800000
2018-11-30,2.993000,3.294000,30.100000,0.600000
2018-12-03,2.966000,3.252000,28.600000,-1.500000
2018-12-04,2.915000,3.170000,25.500000,-3.100000
2018-12-05,2.917000,3.172000,25.500000,0.000000
2018-12-06,2.892000,3.158000,26.600000,1.100000
2018-12-07,2.858000,3.147000,28.900000,2.300000
2018-12-10,2.863000,3.132000,26.900000,-2.000000
2018-12-11,2.879000,3.124000,24.500000,-2.400000
2018-12-12,2.911000,3.147000,23.600000,-0.900000
2018-12-13,2.913000,3.165000,25.200000,1.600000
2018-12-14,2.895000,3.150000,25.500000,0.300000
2018-12-17,2.857000,3.114000,25.700000,0.200000
2018-12-18,2.823000,3.075000,25.200000,-0.500000
2018-12-19,2.762000,2.989000,22.700000,-2.500000
2018-12-20,2.808000,3.044000,23.600000,0.900000
2018-12-21,2.788000,3.030000,24.200000,0.600000
2018-12-24,2.737000,2.999000,26.200000,2.000000
2018-12-25,2.751000,3.006000,25.500000,-0.700000
2018-12-26,2.810000,3.065000,25.500000,0.000000
2018-12-27,2.774000,3.058000,28.400000,2.900000
2018-12-28,2.716000,3.020000,30.400000,2.000000
2018-12-31,2.686000,3.020000,33.400000,3.000000
2019-01-01,2.686000,3.020000,33.400000,0.000000
2019-01-02,2.633000,2.963000,33.000000,-0.400000
2019-01-03,2.552000,2.903000,35.100000,2.100000
2019-01-04,2.668000,2.981000,31.300000,-3.800000
2019-01-07,2.698000,2.993000,29.500000,-1.800000
2019-01-08,2.730000,3.004000,27.400000,-2.100000
2019-01-09,2.712000,3.006000,29.400000,2.000000
2019-01-10,2.746000,3.064000,31.800000,2.400000
2019-01-11,2.699000,3.033000,33.400000,1.600000
2019-01-14,2.706000,3.057000,35.100000,1.700000
2019-01-15,2.718000,3.077000,35.900000,0.800000
2019-01-16,2.727000,3.074000,34.700000,-1.200000
2019-01-17,2.750000,3.075000,32.500000,-2.200000
2019-01-18,2.788000,3.101000,31.300000,-1.200000
2019-01-21,2.773000,3.096000,32.300000,1.000000
2019-01-22,2.741000,3.063000,32.200000,-0.100000
2019-01-23,2.750000,3.068000,31.800000,-0.400000
2019-01-24,2.716000,3.033000,31.700000,-0.100000
2019-01-25,2.759000,3.066000,30.700000,-1.000000
2019-01-28,2.748000,3.067000,31.900000,1.200000
2019-01-29,2.710000,3.040000,33.000000,1.100000
2019-01-30,2.678000,3.033000,35.500000,2.500000
2019-01-31,2.633000,2.997000,36.400000,0.900000
2019-02-01,2.684000,3.025000,34.100000,-2.300000
2019-02-04,2.725000,3.057000,33.200000,-0.900000
2019-02-05,2.704000,3.035000,33.100000,-0.100000
2019-02-06,2.700000,3.035000,33.500000,0.400000
2019-02-07,2.657000,2.996000,33.900000,0.400000
2019-02-08,2.634000,2.976000,34.200000,0.300000
2019-02-11,2.654000,2.990000,33.600000,-0.600000
2019-02-12,2.686000,3.024000,33.800000,0.200000
2019-02-13,2.709000,3.036000,32.700000,-1.100000
2019-02-14,2.655000,2.999000,34.400000,1.700000
2019-02-15,2.664000,2.994000,33.000000,-1.400000
2019-02-18,2.673000,2.998000,32.500000,-0.500000
2019-02-19,2.636000,2.979000,34.300000,1.800000
2019-02-20,2.648000,2.998000,35.000000,0.700000
2019-02-21,2.695000,3.050000,35.500000,0.500000
2019-02-22,2.654000,3.017000,36.300000,0.800000
2019-02-25,2.668000,3.031000,36.300000,0.000000
2019-02-26,2.638000,3.008000,37.000000,0.700000
2019-02-27,2.686000,3.066000,38.000000,1.000000
2019-02-28,2.717000,3.082000,36.500000,-1.500000
2019-03-01,2.759000,3.128000,36.900000,0.400000
2019-03-04,2.724000,3.092000,36.800000,-0.100000
2019-03-05,2.719000,3.083000,36.400000,-0.400000
2019-03-06,2.693000,3.070000,37.700000,1.300000
2019-03-07,2.641000,3.027000,38.600000,0.900000
2019-03-08,2.630000,3.013000,38.300000,-0.300000
2019-03-11,2.641000,3.028000,38.700000,0.400000
2019-03-12,2.600000,2.989000,38.900000,0.200000
2019-03-13,2.625000,3.018000,39.300000,0.400000
2019-03-14,2.630000,3.044000,41.400000,2.100000
2019-03-15,2.591000,3.013000,42.200000,0.800000
2019-03-18,2.605000,3.017000,41.200000,-1.000000
2019-03-19,2.618000,3.029000,41.100000,-0.100000
2019-03-20,2.524000,2.970000,44.600000,3.500000
2019-03-21,2.539000,2.965000,42.600000,-2.000000
2019-03-22,2.437000,2.875000,43.800000,1.200000
2019-03-25,2.405000,2.866000,46.100000,2.300000
2019-03-26,2.425000,2.875000,45.000000,-1.100000
2019-03-27,2.381000,2.821000,44.000000,-1.000000
2019-03-28,2.391000,2.819000,42.800000,-1.200000
2019-03-29,2.407000,2.816000,40.900000,-1.900000
2019-04-01,2.503000,2.892000,38.900000,-2.000000
2019-04-02,2.472000,2.876000,40.400000,1.500000
2019-04-03,2.528000,2.935000,40.700000,0.300000
2019-04-04,2.513000,2.921000,40.800000,0.100000
2019-04-05,2.499000,2.905000,40.600000,-0.200000
2019-04-08,2.520000,2.926000,40.600000,0.000000
2019-04-09,2.502000,2.913000,41.100000,0.500000
2019-04-10,2.465000,2.891000,42.600000,1.500000
2019-04-11,2.499000,2.929000,43.000000,0.400000
2019-04-12,2.562000,2.974000,41.200000,-1.800000
2019-04-15,2.556000,2.969000,41.300000,0.100000
2019-04-16,2.592000,2.995000,40.300000,-1.000000
2019-04-17,2.594000,2.993000,39.900000,-0.400000
2019-04-18,2.560000,2.959000,39.900000,0.000000
2019-04-22,2.587000,2.990000,40.300000,0.400000
2019-04-23,2.569000,2.982000,41.300000,1.000000
2019-04-24,2.518000,2.936000,41.800000,0.500000
2019-04-25,2.534000,2.944000,41.000000,-0.800000
2019-04-26,2.500000,2.924000,42.400000,1.400000
2019-04-29,2.527000,2.955000,42.800000,0.400000
2019-04-30,2.504000,2.930000,42.600000,-0.200000
2019-05-01,2.502000,2.908000,40.600000,-2.000000
2019-05-02,2.545000,2.934000,38.900000,-1.700000
2019-05-03,2.530000,2.922000,39.200000,0.300000
2019-05-06,2.500000,2.908000,40.800000,1.600000
2019-05-07,2.448000,2.858000,41.000000,0.200000
2019-05-08,2.485000,2.895000,41.000000,0.000000
2019-05-09,2.453000,2.869000,41.600000,0.600000
2019-05-10,2.473000,2.890000,41.700000,0.100000
2019-05-13,2.403000,2.839000,43.600000,1.900000
2019-05-14,2.414000,2.851000,43.700000,0.100000
2019-05-15,2.377000,2.822000,44.500000,0.800000
2019-05-16,2.394000,2.833000,43.900000,-0.600000
2019-05-17,2.393000,2.825000,43.200000,-0.700000
2019-05-20,2.419000,2.839000,42.000000,-1.200000
2019-05-21,2.428000,2.845000,41.700000,-0.300000
2019-05-22,2.380000,2.807000,42.700000,1.000000
2019-05-23,2.322000,2.757000,43.500000,0.800000
2019-05-24,2.324000,2.752000,42.800000,-0.700000
2019-05-27,2.310000,2.735000,42.500000,-0.300000
2019-05-28,2.267000,2.705000,43.800000,1.300000
2019-05-29,2.262000,2.693000,43.100000,-0.700000
2019-05-30,2.217000,2.644000,42.700000,-0.400000
2019-05-31,2.133000,2.571000,43.800000,1.100000
2019-06-03,2.075000,2.538000,46.300000,2.500000
2019-06-04,2.121000,2.603000,48.200000,1.900000
2019-06-05,2.131000,2.644000,51.300000,3.100000
2019-06-06,2.121000,2.615000,49.400000,-1.900000
2019-06-07,2.084000,2.575000,49.100000,-0.300000
2019-06-10,2.150000,2.627000,47.700000,-1.400000
2019-06-11,2.145000,2.618000,47.300000,-0.400000
2019-06-12,2.122000,2.618000,49.600000,2.300000
2019-06-13,2.093000,2.600000,50.700000,1.100000
2019-06-14,2.084000,2.588000,50.400000,-0.300000
2019-06-17,2.091000,2.580000,48.900000,-1.500000
2019-06-18,2.058000,2.549000,49.100000,0.200000
2019-06-19,2.029000,2.540000,51.100000,2.000000
2019-06-20,2.023000,2.538000,51.500000,0.400000
2019-06-21,2.059000,2.586000,52.700000,1.200000
2019-06-24,2.018000,2.546000,52.800000,0.100000
2019-06-25,1.988000,2.523000,53.500000,0.700000
2019-06-26,2.050000,2.572000,52.200000,-1.300000
2019-06-27,2.014000,2.531000,51.700000,-0.500000
2019-06-28,2.007000,2.533000,52.600000,0.900000
2019-07-01,2.033000,2.553000,52.000000,-0.600000
2019-07-02,1.976000,2.504000,52.800000,0.800000
2019-07-03,1.953000,2.470000,51.700000,-1.100000
2019-07-04,1.948000,2.464000,51.600000,-0.100000
2019-07-05,2.039000,2.544000,50.500000,-1.100000
2019-07-08,2.048000,2.532000,48.400000,-2.100000
2019-07-09,2.072000,2.546000,47.400000,-1.000000
2019-07-10,2.061000,2.574000,51.300000,3.900000
2019-07-11,2.143000,2.661000,51.800000,0.500000
2019-07-12,2.124000,2.648000,52.400000,0.600000
2019-07-15,2.090000,2.610000,52.000000,-0.400000
2019-07-16,2.106000,2.614000,50.800000,-1.200000
2019-07-17,2.043000,2.556000,51.300000,0.500000
2019-07-18,2.026000,2.564000,53.800000,2.500000
2019-07-19,2.057000,2.581000,52.400000,-1.400000
2019-07-22,2.050000,2.573000,52.300000,-0.100000
2019-07-23,2.078000,2.616000,53.800000,1.500000
2019-07-24,2.050000,2.578000,52.800000,-1.000000
2019-07-25,2.083000,2.609000,52.600000,-0.200000
2019-07-26,2.074000,2.596000,52.200000,-0.400000
2019-07-29,2.063000,2.591000,52.800000,0.600000
2019-07-30,2.060000,2.580000,52.000000,-0.800000
2019-07-31,2.007000,2.521000,51.400000,-0.600000
2019-08-01,1.902000,2.449000,54.700000,3.300000
2019-08-02,1.843000,2.376000,53.300000,-1.400000
2019-08-05,1.718000,2.264000,54.600000,1.300000
2019-08-06,1.716000,2.241000,52.500000,-2.100000
2019-08-07,1.721000,2.242000,52.100000,-0.400000
2019-08-08,1.719000,2.229000,51.000000,-1.100000
2019-08-09,1.745000,2.259000,51.400000,0.400000
2019-08-12,1.640000,2.128000,48.800000,-2.600000
2019-08-13,1.702000,2.164000,46.200000,-2.600000
2019-08-14,1.583000,2.021000,43.800000,-2.400000
2019-08-15,1.502000,1.954000,45.200000,1.400000
2019-08-16,1.562000,2.044000,48.200000,3.000000
2019-08-19,1.608000,2.086000,47.800000,-0.400000
2019-08-20,1.552000,2.036000,48.400000,0.600000
2019-08-21,1.591000,2.074000,48.300000,-0.100000
2019-08-22,1.613000,2.104000,49.100000,0.800000
2019-08-23,1.533000,2.027000,49.400000,0.300000
2019-08-26,1.538000,2.042000,50.400000,1.000000
2019-08-27,1.474000,1.953000,47.900000,-2.500000
2019-08-28,1.468000,1.938000,47.000000,-0.900000
2019-08-29,1.496000,1.962000,46.600000,-0.400000
2019-08-30,1.499000,1.963000,46.400000,-0.200000
2019-09-02,1.506000,1.975000,46.900000,0.500000
2019-09-03,1.462000,1.953000,49.100000,2.200000
2019-09-04,1.471000,1.976000,50.500000,1.400000
2019-09-05,1.565000,2.054000,48.900000,-1.600000
2019-09-06,1.560000,2.025000,46.500000,-2.400000
2019-09-09,1.647000,2.131000,48.400000,1.900000
2019-09-10,1.744000,2.227000,48.300000,-0.100000
2019-09-11,1.745000,2.226000,48.100000,-0.200000
2019-09-12,1.778000,2.259000,48.100000,0.000000
2019-09-13,1.901000,2.375000,47.400000,-0.700000
2019-09-16,1.843000,2.315000,47.200000,-0.200000
2019-09-17,1.810000,2.272000,46.200000,-1.000000
2019-09-18,1.800000,2.251000,45.100000,-1.100000
2019-09-19,1.787000,2.230000,44.300000,-0.800000
2019-09-20,1.722000,2.159000,43.700000,-0.600000
2019-09-23,1.723000,2.171000,44.800000,1.100000
2019-09-24,1.652000,2.109000,45.700000,0.900000
2019-09-25,1.737000,2.188000,45.100000,-0.600000
2019-09-26,1.697000,2.145000,44.800000,-0.300000
2019-09-27,1.687000,2.131000,44.400000,-0.400000
2019-09-30,1.668000,2.114000,44.600000,0.200000
2019-10-01,1.635000,2.091000,45.600000,1.000000
2019-10-02,1.601000,2.088000,48.700000,3.100000
2019-10-03,1.534000,2.031000,49.700000,1.000000
2019-10-04,1.529000,2.014000,48.500000,-1.200000
2019-10-07,1.565000,2.053000,48.800000,0.300000
2019-10-08,1.532000,2.034000,50.200000,1.400000
2019-10-09,1.587000,2.086000,49.900000,-0.300000
2019-10-10,1.670000,2.160000,49.000000,-0.900000
2019-10-11,1.734000,2.197000,46.300000,-2.700000
2019-10-14,1.715000,2.180000,46.500000,0.200000
2019-10-15,1.771000,2.233000,46.200000,-0.300000
2019-10-16,1.745000,2.228000,48.300000,2.100000
2019-10-17,1.750000,2.233000,48.300000,0.000000
2019-10-18,1.754000,2.249000,49.500000,1.200000
2019-10-21,1.803000,2.292000,48.900000,-0.600000
2019-10-22,1.768000,2.256000,48.800000,-0.100000
2019-10-23,1.768000,2.255000,48.700000,-0.100000
2019-10-24,1.771000,2.264000,49.300000,0.600000
2019-10-25,1.799000,2.289000,49.000000,-0.300000
2019-10-28,1.845000,2.335000,49.000000,-0.000000
2019-10-29,1.837000,2.330000,49.300000,0.300000
2019-10-30,1.775000,2.257000,48.200000,-1.100000
2019-10-31,1.688000,2.173000,48.500000,0.300000
2019-11-01,1.714000,2.193000,47.900000,-0.600000
2019-11-04,1.781000,2.267000,48.600000,0.700000
2019-11-05,1.857000,2.336000,47.900000,-0.700000
2019-11-06,1.830000,2.317000,48.700000,0.800000
2019-11-07,1.929000,2.409000,48.000000,-0.700000
2019-11-08,1.945000,2.427000,48.200000,0.200000
2019-11-11,1.923000,2.408000,48.500000,0.300000
2019-11-12,1.928000,2.404000,47.600000,-0.900000
2019-11-13,1.891000,2.370000,47.900000,0.300000
2019-11-14,1.822000,2.303000,48.100000,0.200000
2019-11-15,1.836000,2.308000,47.200000,-0.900000
2019-11-18,1.815000,2.297000,48.200000,1.000000
2019-11-19,1.786000,2.251000,46.500000,-1.700000
2019-11-20,1.747000,2.210000,46.300000,-0.200000
2019-11-21,1.776000,2.233000,45.700000,-0.600000
2019-11-22,1.771000,2.219000,44.800000,-0.900000
2019-11-25,1.752000,2.197000,44.500000,-0.300000
2019-11-26,1.741000,2.178000,43.700000,-0.800000
2019-11-27,1.767000,2.189000,42.200000,-1.500000
2019-11-28,1.778000,2.201000,42.300000,0.100000
2019-11-29,1.774000,2.203000,42.900000,0.600000
2019-12-02,1.822000,2.268000,44.600000,1.700000
2019-12-03,1.717000,2.165000,44.800000,0.200000
2019-12-04,1.778000,2.224000,44.600000,-0.200000
2019-12-05,1.809000,2.256000,44.700000,0.100000
2019-12-06,1.843000,2.284000,44.100000,-0.600000
2019-12-09,1.821000,2.257000,43.600000,-0.500000
2019-12-10,1.842000,2.265000,42.300000,-1.300000
2019-12-11,1.793000,2.225000,43.200000,0.900000
2019-12-12,1.896000,2.312000,41.600000,-1.600000
2019-12-13,1.824000,2.254000,43.000000,1.400000
2019-12-16,1.873000,2.291000,41.800000,-1.200000
2019-12-17,1.875000,2.299000,42.400000,0.600000
2019-12-18,1.922000,2.349000,42.700000,0.300000
2019-12-19,1.922000,2.354000,43.200000,0.500000
2019-12-20,1.919000,2.344000,42.500000,-0.700000
2019-12-23,1.928000,2.354000,42.600000,0.100000
2019-12-24,1.903000,2.334000,43.100000,0.500000
2019-12-25,1.907000,2.338000,43.100000,0.000000
2019-12-26,1.894000,2.321000,42.700000,-0.400000
2019-12-27,1.877000,2.318000,44.100000,1.400000
2019-12-30,1.886000,2.335000,44.900000,0.800000
2019-12-31,1.919000,2.389000,47.000000,2.100000
2020-01-01,1.921000,2.389000,46.800000,-0.200000
2020-01-02,1.877000,2.328000,45.100000,-1.700000
2020-01-03,1.793000,2.249000,45.600000,0.500000
2020-01-06,1.809000,2.285000,47.600000,2.000000
2020-01-07,1.811000,2.296000,48.500000,0.900000
2020-01-08,1.874000,2.363000,48.900000,0.400000
2020-01-09,1.855000,2.329000,47.400000,-1.500000
2020-01-10,1.820000,2.279000,45.900000,-1.500000
2020-01-13,1.848000,2.304000,45.600000,-0.300000
2020-01-14,1.813000,2.272000,45.900000,0.300000
2020-01-15,1.786000,2.238000,45.200000,-0.700000
2020-01-16,1.809000,2.258000,44.900000,-0.300000
2020-01-17,1.825000,2.285000,46.000000,1.100000
2020-01-20,1.823000,2.286000,46.300000,0.300000
2020-01-21,1.774000,2.234000,46.000000,-0.300000
2020-01-22,1.769000,2.223000,45.400000,-0.600000
2020-01-23,1.731000,2.175000,44.400000,-1.000000
2020-01-24,1.686000,2.135000,44.900000,0.500000
2020-01-27,1.613000,2.062000,44.900000,0.000000
2020-01-28,1.661000,2.116000,45.500000,0.600000
2020-01-29,1.581000,2.034000,45.300000,-0.200000
2020-01-30,1.591000,2.057000,46.600000,1.300000
2020-01-31,1.505000,1.997000,49.200000,2.600000
2020-02-03,1.526000,2.003000,47.700000,-1.500000
2020-02-04,1.603000,2.079000,47.600000,-0.100000
2020-02-05,1.649000,2.132000,48.300000,0.700000
2020-02-06,1.644000,2.110000,46.600000,-1.700000
2020-02-07,1.582000,2.046000,46.400000,-0.200000
2020-02-10,1.563000,2.033000,47.000000,0.600000
2020-02-11,1.602000,2.065000,46.300000,-0.700000
2020-02-12,1.637000,2.093000,45.600000,-0.700000
2020-02-13,1.619000,2.073000,45.400000,-0.200000
2020-02-14,1.588000,2.038000,45.000000,-0.400000
2020-02-17,1.578000,2.029000,45.100000,0.100000
2020-02-18,1.559000,2.008000,44.900000,-0.200000
2020-02-19,1.568000,2.014000,44.600000,-0.300000
2020-02-20,1.519000,1.963000,44.400000,-0.200000
2020-02-21,1.473000,1.917000,44.400000,-0.000000
2020-02-24,1.370000,1.833000,46.300000,1.900000
2020-02-25,1.355000,1.824000,46.900000,0.600000
2020-02-26,1.335000,1.821000,48.600000,1.700000
2020-02-27,1.274000,1.770000,49.600000,1.000000
2020-02-28,1.163000,1.684000,52.100000,2.500000
2020-03-02,1.152000,1.706000,55.400000,3.300000
2020-03-03,0.999000,1.613000,61.400000,6.000000
2020-03-04,1.055000,1.702000,64.700000,3.300000
2020-03-05,0.917000,1.547000,63.000000,-1.700000
2020-03-06,0.773000,1.297000,52.400000,-10.600000
2020-03-09,0.559000,1.031000,47.200000,-5.200000
2020-03-10,0.800000,1.296000,49.600000,2.400000
2020-03-11,0.877000,1.353000,47.600000,-2.000000
2020-03-12,0.812000,1.430000,61.800000,14.200000
2020-03-13,0.983000,1.597000,61.400000,-0.400000
2020-03-16,0.740000,1.315000,57.500000,-3.900000
2020-03-17,1.069000,1.706000,63.700000,6.200000
2020-03-18,1.183000,1.763000,58.000000,-5.700000
2020-03-19,1.158000,1.783000,62.500000,4.500000
2020-03-20,0.885000,1.473000,58.800000,-3.700000
2020-03-23,0.763000,1.330000,56.700000,-2.100000
2020-03-24,0.858000,1.408000,55.000000,-1.700000
2020-03-25,0.869000,1.448000,57.900000,2.900000
2020-03-26,0.848000,1.439000,59.100000,1.200000
2020-03-27,0.676000,1.244000,56.800000,-2.300000
2020-03-30,0.726000,1.339000,61.300000,4.500000
2020-03-31,0.668000,1.316000,64.800000,3.500000
2020-04-01,0.602000,1.246000,64.400000,-0.400000
2020-04-02,0.611000,1.260000,64.900000,0.500000
2020-04-03,0.599000,1.217000,61.800000,-3.100000
2020-04-06,0.678000,1.286000,60.800000,-1.000000
2020-04-07,0.726000,1.316000,59.000000,-1.800000
2020-04-08,0.771000,1.378000,60.700000,1.700000
2020-04-09,0.729000,1.353000,62.400000,1.700000
2020-04-13,0.770000,1.401000,63.100000,0.700000
2020-04-14,0.750000,1.401000,65.100000,2.000000
2020-04-15,0.635000,1.272000,63.700000,-1.400000
2020-04-16,0.617000,1.214000,59.700000,-4.000000
2020-04-17,0.642000,1.265000,62.300000,2.600000
2020-04-20,0.616000,1.227000,61.100000,-1.200000
2020-04-21,0.566000,1.160000,59.400000,-1.700000
2020-04-22,0.618000,1.215000,59.700000,0.300000
2020-04-23,0.603000,1.181000,57.800000,-1.900000
2020-04-24,0.605000,1.175000,57.000000,-0.800000
2020-04-27,0.664000,1.259000,59.500000,2.500000
2020-04-28,0.616000,1.205000,58.900000,-0.600000
2020-04-29,0.628000,1.250000,62.200000,3.300000
2020-04-30,0.646000,1.293000,64.700000,2.500000
2020-05-01,0.618000,1.253000,63.500000,-1.200000
2020-05-04,0.631000,1.277000,64.600000,1.100000
2020-05-05,0.662000,1.334000,67.200000,2.600000
2020-05-06,0.709000,1.401000,69.200000,2.000000
2020-05-07,0.639000,1.326000,68.700000,-0.500000
2020-05-08,0.685000,1.386000,70.100000,1.400000
2020-05-11,0.707000,1.414000,70.700000,0.600000
2020-05-12,0.667000,1.374000,70.700000,0.000000
2020-05-13,0.654000,1.344000,69.000000,-1.700000
2020-05-14,0.617000,1.290000,67.300000,-1.700000
2020-05-15,0.644000,1.325000,68.100000,0.800000
2020-05-18,0.726000,1.435000,70.900000,2.800000
2020-05-19,0.692000,1.414000,72.200000,1.300000
2020-05-20,0.690000,1.409000,71.900000,-0.300000
2020-05-21,0.680000,1.398000,71.800000,-0.100000
2020-05-22,0.657000,1.370000,71.300000,-0.500000
2020-05-25,0.659000,1.370000,71.100000,-0.200000
2020-05-26,0.695000,1.444000,74.900000,3.800000
2020-05-27,0.695000,1.459000,76.400000,1.500000
2020-05-28,0.697000,1.462000,76.500000,0.100000
2020-05-29,0.653000,1.411000,75.800000,-0.700000
2020-06-01,0.667000,1.465000,79.800000,4.000000
2020-06-02,0.687000,1.491000,80.400000,0.600000
2020-06-03,0.746000,1.533000,78.700000,-1.700000
2020-06-04,0.825000,1.635000,81.000000,2.300000
2020-06-05,0.893000,1.669000,77.600000,-3.400000
2020-06-08,0.878000,1.643000,76.500000,-1.100000
2020-06-09,0.824000,1.579000,75.500000,-1.000000
2020-06-10,0.736000,1.516000,78.000000,2.500000
2020-06-11,0.666000,1.401000,73.500000,-4.500000
2020-06-12,0.710000,1.461000,75.100000,1.600000
2020-06-15,0.720000,1.462000,74.200000,-0.900000
2020-06-16,0.741000,1.530000,78.900000,4.700000
2020-06-17,0.733000,1.525000,79.200000,0.300000
2020-06-18,0.707000,1.480000,77.300000,-1.900000
2020-06-19,0.694000,1.462000,76.800000,-0.500000
2020-06-22,0.710000,1.466000,75.600000,-1.200000
2020-06-23,0.715000,1.493000,77.800000,2.200000
2020-06-24,0.679000,1.432000,75.300000,-2.500000
2020-06-25,0.682000,1.429000,74.700000,-0.600000
2020-06-26,0.640000,1.371000,73.100000,-1.600000
2020-06-29,0.627000,1.381000,75.400000,2.300000
2020-06-30,0.658000,1.413000,75.500000,0.100000
2020-07-01,0.676000,1.424000,74.800000,-0.700000
2020-07-02,0.669000,1.429000,76.000000,1.200000
2020-07-06,0.678000,1.440000,76.200000,0.200000
2020-07-07,0.640000,1.375000,73.500000,-2.700000
2020-07-08,0.666000,1.401000,73.500000,0.000000
2020-07-09,0.613000,1.313000,70.000000,-3.500000
2020-07-10,0.643000,1.333000,69.000000,-1.000000
2020-07-13,0.618000,1.309000,69.100000,0.100000
2020-07-14,0.625000,1.311000,68.600000,-0.500000
2020-07-15,0.633000,1.335000,70.200000,1.600000
2020-07-16,0.618000,1.311000,69.300000,-0.900000
2020-07-17,0.623000,1.327000,70.400000,1.100000
2020-07-20,0.613000,1.312000,69.900000,-0.500000
2020-07-21,0.605000,1.312000,70.700000,0.800000
2020-07-22,0.600000,1.298000,69.800000,-0.900000
2020-07-23,0.577000,1.232000,65.500000,-4.300000
2020-07-24,0.587000,1.226000,63.900000,-1.600000
2020-07-27,0.615000,1.259000,64.400000,0.500000
2020-07-28,0.579000,1.217000,63.800000,-0.600000
2020-07-29,0.577000,1.240000,66.300000,2.500000
2020-07-30,0.545000,1.204000,65.900000,-0.400000
2020-07-31,0.533000,1.196000,66.300000,0.400000
2020-08-03,0.554000,1.229000,67.500000,1.200000
2020-08-04,0.512000,1.189000,67.700000,0.200000
2020-08-05,0.549000,1.225000,67.600000,-0.100000
2020-08-06,0.538000,1.201000,66.300000,-1.300000
2020-08-07,0.566000,1.234000,66.800000,0.500000
2020-08-10,0.581000,1.256000,67.500000,0.700000
2020-08-11,0.643000,1.331000,68.800000,1.300000
2020-08-12,0.673000,1.369000,69.600000,0.800000
2020-08-13,0.717000,1.424000,70.700000,1.100000
2020-08-14,0.709000,1.444000,73.500000,2.800000
2020-08-17,0.692000,1.436000,74.400000,0.900000
2020-08-18,0.670000,1.400000,73.000000,-1.400000
2020-08-19,0.685000,1.425000,74.000000,1.000000
2020-08-20,0.652000,1.387000,73.500000,-0.500000
2020-08-21,0.636000,1.349000,71.300000,-2.200000
2020-08-24,0.654000,1.356000,70.200000,-1.100000
2020-08-25,0.688000,1.398000,71.000000,0.800000
2020-08-26,0.688000,1.408000,72.000000,1.000000
2020-08-27,0.754000,1.510000,75.600000,3.600000
2020-08-28,0.724000,1.506000,78.200000,2.600000
2020-08-31,0.706000,1.476000,77.000000,-1.200000
2020-09-01,0.672000,1.424000,75.200000,-1.800000
2020-09-02,0.648000,1.377000,72.900000,-2.300000
2020-09-03,0.636000,1.361000,72.500000,-0.400000
2020-09-04,0.721000,1.473000,75.200000,2.700000
2020-09-07,0.720000,1.478000,75.800000,0.600000
2020-09-08,0.682000,1.426000,74.400000,-1.400000
2020-09-09,0.698000,1.454000,75.600000,1.200000
2020-09-10,0.682000,1.421000,73.900000,-1.700000
2020-09-11,0.669000,1.413000,74.400000,0.500000
2020-09-14,0.676000,1.415000,73.900000,-0.500000
2020-09-15,0.680000,1.434000,75.400000,1.500000
2020-09-16,0.698000,1.462000,76.400000,1.000000
2020-09-17,0.689000,1.440000,75.100000,-1.300000
2020-09-18,0.697000,1.455000,75.800000,0.700000
2020-09-21,0.669000,1.418000,74.900000,-0.900000
2020-09-22,0.671000,1.421000,75.000000,0.100000
2020-09-23,0.677000,1.423000,74.600000,-0.400000
2020-09-24,0.668000,1.406000,73.800000,-0.800000
2020-09-25,0.656000,1.402000,74.600000,0.800000
2020-09-28,0.658000,1.419000,76.100000,1.500000
2020-09-29,0.651000,1.417000,76.600000,0.500000
2020-09-30,0.686000,1.454000,76.800000,0.200000
2020-10-01,0.679000,1.455000,77.600000,0.800000
2020-10-02,0.704000,1.492000,78.800000,1.200000
2020-10-05,0.778000,1.584000,80.600000,1.800000
2020-10-06,0.734000,1.531000,79.700000,-0.900000
2020-10-07,0.784000,1.581000,79.700000,0.000000
2020-10-08,0.779000,1.581000,80.200000,0.500000
2020-10-09,0.779000,1.577000,79.800000,-0.400000
2020-10-12,0.764000,1.556000,79.200000,-0.600000
2020-10-13,0.729000,1.513000,78.400000,-0.800000
2020-10-14,0.727000,1.510000,78.300000,-0.100000
2020-10-15,0.739000,1.519000,78.000000,-0.300000
2020-10-16,0.749000,1.535000,78.600000,0.600000
2020-10-19,0.772000,1.562000,79.000000,0.400000
2020-10-20,0.786000,1.593000,80.700000,1.700000
2020-10-21,0.821000,1.633000,81.200000,0.500000
2020-10-22,0.861000,1.681000,82.000000,0.800000
2020-10-23,0.841000,1.641000,80.000000,-2.000000
2020-10-26,0.803000,1.592000,78.900000,-1.100000
2020-10-27,0.771000,1.554000,78.300000,-0.600000
2020-10-28,0.774000,1.560000,78.600000,0.300000
2020-10-29,0.831000,1.609000,77.800000,-0.800000
2020-10-30,0.874000,1.658000,78.400000,0.600000
2020-11-02,0.852000,1.622000,77.000000,-1.400000
2020-11-03,0.896000,1.676000,78.000000,1.000000
2020-11-04,0.771000,1.546000,77.500000,-0.500000
2020-11-05,0.766000,1.526000,76.000000,-1.500000
2020-11-06,0.820000,1.601000,78.100000,2.100000
2020-11-09,0.924000,1.712000,78.800000,0.700000
2020-11-10,0.960000,1.747000,78.700000,-0.100000
2020-11-11,0.977000,1.727000,75.000000,-3.700000
2020-11-12,0.883000,1.641000,75.800000,0.800000
2020-11-13,0.898000,1.648000,75.000000,-0.800000
2020-11-16,0.911000,1.668000,75.700000,0.700000
2020-11-17,0.862000,1.611000,74.900000,-0.800000
2020-11-18,0.870000,1.601000,73.100000,-1.800000
2020-11-19,0.842000,1.558000,71.600000,-1.500000
2020-11-20,0.824000,1.516000,69.200000,-2.400000
2020-11-23,0.859000,1.557000,69.800000,0.600000
2020-11-24,0.885000,1.612000,72.700000,2.900000
2020-11-25,0.882000,1.627000,74.500000,1.800000
2020-11-26,0.859000,1.603000,74.400000,-0.100000
2020-11-27,0.842000,1.576000,73.400000,-1.000000
2020-11-30,0.842000,1.569000,72.700000,-0.700000
2020-12-01,0.929000,1.671000,74.200000,1.500000
2020-12-02,0.938000,1.690000,75.200000,1.000000
2020-12-03,0.911000,1.656000,74.500000,-0.700000
2020-12-04,0.973000,1.741000,76.800000,2.300000
2020-12-07,0.928000,1.686000,75.800000,-1.000000
2020-12-08,0.921000,1.667000,74.600000,-1.200000
2020-12-09,0.938000,1.688000,75.000000,0.400000
2020-12-10,0.906000,1.628000,72.200000,-2.800000
2020-12-11,0.896000,1.628000,73.200000,1.000000
2020-12-14,0.898000,1.633000,73.500000,0.300000
2020-12-15,0.911000,1.653000,74.200000,0.700000
2020-12-16,0.920000,1.657000,73.700000,-0.500000
2020-12-17,0.935000,1.681000,74.600000,0.900000
2020-12-18,0.945000,1.690000,74.500000,-0.100000
2020-12-21,0.938000,1.678000,74.000000,-0.500000
2020-12-22,0.921000,1.654000,73.300000,-0.700000
2020-12-23,0.945000,1.685000,74.000000,0.700000
2020-12-24,0.926000,1.662000,73.600000,-0.400000
2020-12-28,0.923000,1.659000,73.600000,0.000000
2020-12-29,0.940000,1.679000,73.900000,0.300000
2020-12-30,0.926000,1.660000,73.400000,-0.500000
2020-12-31,0.916000,1.646000,73.000000,-0.400000
2021-01-04,0.918000,1.662000,74.400000,1.400000
2021-01-05,0.955000,1.704000,74.900000,0.500000
2021-01-06,1.039000,1.812000,77.300000,2.400000
2021-01-07,1.081000,1.859000,77.800000,0.500000
2021-01-08,1.119000,1.875000,75.600000,-2.200000
2021-01-11,1.144000,1.883000,73.900000,-1.700000
2021-01-12,1.129000,1.874000,74.500000,0.600000
2021-01-13,1.092000,1.824000,73.200000,-1.300000
2021-01-14,1.129000,1.873000,74.400000,1.200000
2021-01-15,1.087000,1.839000,75.200000,0.800000
2021-01-18,1.100000,1.854000,75.400000,0.200000
2021-01-19,1.092000,1.839000,74.700000,-0.700000
2021-01-20,1.077000,1.825000,74.800000,0.100000
2021-01-21,1.109000,1.873000,76.400000,1.600000
2021-01-22,1.086000,1.847000,76.100000,-0.300000
2021-01-25,1.033000,1.796000,76.300000,0.200000
2021-01-26,1.033000,1.790000,75.700000,-0.600000
2021-01-27,1.013000,1.771000,75.800000,0.100000
2021-01-28,1.052000,1.814000,76.200000,0.400000
2021-01-29,1.071000,1.835000,76.400000,0.200000
2021-02-01,1.079000,1.853000,77.400000,1.000000
2021-02-02,1.095000,1.867000,77.200000,-0.200000
2021-02-03,1.139000,1.927000,78.800000,1.600000
2021-02-04,1.136000,1.932000,79.600000,0.800000
2021-02-05,1.169000,1.977000,80.800000,1.200000
2021-02-08,1.176000,1.960000,78.400000,-2.400000
2021-02-09,1.160000,1.952000,79.200000,0.800000
2021-02-10,1.124000,1.910000,78.600000,-0.600000
2021-02-11,1.165000,1.954000,78.900000,0.300000
2021-02-12,1.210000,2.011000,80.100000,1.200000
2021-02-15,1.250000,2.039000,78.900000,-1.200000
2021-02-16,1.311000,2.088000,77.700000,-1.200000
2021-02-17,1.282000,2.045000,76.300000,-1.400000
2021-02-18,1.297000,2.085000,78.800000,2.500000
2021-02-19,1.340000,2.135000,79.500000,0.700000
2021-02-22,1.369000,2.179000,81.000000,1.500000
2021-02-23,1.343000,2.179000,83.600000,2.600000
2021-02-24,1.372000,2.225000,85.300000,1.700000
2021-02-25,1.530000,2.298000,76.800000,-8.500000
2021-02-26,1.407000,2.154000,74.700000,-2.100000
2021-03-01,1.426000,2.199000,77.300000,2.600000
2021-03-02,1.398000,2.199000,80.100000,2.800000
2021-03-03,1.484000,2.275000,79.100000,-1.000000
2021-03-04,1.557000,2.320000,76.300000,-2.800000
2021-03-05,1.577000,2.309000,73.200000,-3.100000
2021-03-08,1.603000,2.328000,72.500000,-0.700000
2021-03-09,1.528000,2.236000,70.800000,-1.700000
2021-03-10,1.521000,2.244000,72.300000,1.500000
2021-03-11,1.535000,2.295000,76.000000,3.700000
2021-03-12,1.625000,2.378000,75.300000,-0.700000
2021-03-15,1.607000,2.359000,75.200000,-0.100000
2021-03-16,1.621000,2.378000,75.700000,0.500000
2021-03-17,1.646000,2.420000,77.400000,1.700000
2021-03-18,1.706000,2.452000,74.600000,-2.800000
2021-03-19,1.730000,2.437000,70.700000,-3.900000
2021-03-22,1.695000,2.398000,70.300000,-0.400000
2021-03-23,1.622000,2.329000,70.700000,0.400000
2021-03-24,1.614000,2.315000,70.100000,-0.600000
2021-03-25,1.633000,2.353000,72.000000,1.900000
2021-03-26,1.674000,2.379000,70.500000,-1.500000
2021-03-29,1.717000,2.417000,70.000000,-0.500000
2021-03-30,1.710000,2.368000,65.800000,-4.200000
2021-03-31,1.744000,2.415000,67.100000,1.300000
2021-04-01,1.673000,2.334000,66.100000,-1.000000
2021-04-02,1.673000,2.334000,66.100000,0.000000
2021-04-05,1.707000,2.349000,64.200000,-1.900000
2021-04-06,1.658000,2.325000,66.700000,2.500000
2021-04-07,1.679000,2.365000,68.600000,1.900000
2021-04-08,1.626000,2.316000,69.000000,0.400000
2021-04-09,1.662000,2.336000,67.400000,-1.600000
2021-04-12,1.669000,2.338000,66.900000,-0.500000
2021-04-13,1.620000,2.299000,67.900000,1.000000
2021-04-14,1.634000,2.316000,68.200000,0.300000
2021-04-15,1.574000,2.265000,69.100000,0.900000
2021-04-16,1.590000,2.281000,69.100000,0.000000
2021-04-19,1.610000,2.296000,68.600000,-0.500000
2021-04-20,1.566000,2.260000,69.400000,0.800000
2021-04-21,1.559000,2.255000,69.600000,0.200000
2021-04-22,1.542000,2.223000,68.100000,-1.500000
2021-04-23,1.559000,2.235000,67.600000,-0.500000
2021-04-26,1.568000,2.244000,67.600000,0.000000
2021-04-27,1.625000,2.297000,67.200000,-0.400000
2021-04-28,1.611000,2.290000,67.900000,0.700000
2021-04-29,1.641000,2.304000,66.300000,-1.600000
2021-04-30,1.626000,2.298000,67.200000,0.900000
2021-05-03,1.599000,2.284000,68.500000,1.300000
2021-05-04,1.591000,2.262000,67.100000,-1.400000
2021-05-05,1.571000,2.245000,67.400000,0.300000
2021-05-06,1.570000,2.241000,67.100000,-0.300000
2021-05-07,1.579000,2.281000,70.200000,3.100000
2021-05-10,1.604000,2.326000,72.200000,2.000000
2021-05-11,1.622000,2.347000,72.500000,0.300000
2021-05-12,1.693000,2.414000,72.100000,-0.400000
2021-05-13,1.659000,2.402000,74.300000,2.200000
2021-05-14,1.635000,2.347000,71.200000,-3.100000
2021-05-17,1.652000,2.365000,71.300000,0.100000
2021-05-18,1.640000,2.362000,72.200000,0.900000
2021-05-19,1.676000,2.375000,69.900000,-2.300000
2021-05-20,1.628000,2.333000,70.500000,0.600000
2021-05-21,1.623000,2.318000,69.500000,-1.000000
2021-05-24,1.603000,2.300000,69.700000,0.200000
2021-05-25,1.560000,2.253000,69.300000,-0.400000
2021-05-26,1.581000,2.261000,68.000000,-1.300000
2021-05-27,1.606000,2.280000,67.400000,-0.600000
2021-05-28,1.581000,2.263000,68.200000,0.800000
2021-05-31,1.610000,2.291000,68.100000,-0.100000
2021-06-01,1.606000,2.287000,68.100000,0.000000
2021-06-02,1.589000,2.272000,68.300000,0.200000
2021-06-03,1.625000,2.297000,67.200000,-1.100000
2021-06-04,1.557000,2.232000,67.500000,0.300000
2021-06-07,1.569000,2.247000,67.800000,0.300000
2021-06-08,1.538000,2.220000,68.200000,0.400000
2021-06-09,1.492000,2.170000,67.800000,-0.400000
2021-06-10,1.437000,2.130000,69.300000,1.500000
2021-06-11,1.454000,2.142000,68.800000,-0.500000
2021-06-14,1.497000,2.184000,68.700000,-0.100000
2021-06-15,1.489000,2.185000,69.600000,0.900000
2021-06-16,1.581000,2.211000,63.000000,-6.600000
2021-06-17,1.511000,2.098000,58.700000,-4.300000
2021-06-18,1.443000,2.017000,57.400000,-1.300000
2021-06-21,1.497000,2.120000,62.300000,4.900000
2021-06-22,1.467000,2.091000,62.400000,0.100000
2021-06-23,1.485000,2.105000,62.000000,-0.400000
2021-06-24,1.499000,2.106000,60.700000,-1.300000
2021-06-25,1.524000,2.151000,62.700000,2.000000
2021-06-28,1.482000,2.101000,61.900000,-0.800000
2021-06-29,1.475000,2.088000,61.300000,-0.600000
2021-06-30,1.468000,2.088000,62.000000,0.700000
2021-07-01,1.459000,2.065000,60.600000,-1.400000
2021-07-02,1.431000,2.045000,61.400000,0.800000
2021-07-05,1.436000,2.059000,62.300000,0.900000
2021-07-06,1.352000,1.982000,63.000000,0.700000
2021-07-07,1.323000,1.942000,61.900000,-1.100000
2021-07-08,1.294000,1.925000,63.100000,1.200000
2021-07-09,1.361000,1.990000,62.900000,-0.200000
2021-07-12,1.368000,2.000000,63.200000,0.300000
2021-07-13,1.418000,2.049000,63.100000,-0.100000
2021-07-14,1.349000,1.974000,62.500000,-0.600000
2021-07-15,1.301000,1.926000,62.500000,0.000000
2021-07-16,1.300000,1.928000,62.800000,0.300000
2021-07-19,1.199000,1.829000,63.000000,0.200000
2021-07-20,1.222000,1.877000,65.500000,2.500000
2021-07-21,1.292000,1.940000,64.800000,-0.700000
2021-07-22,1.277000,1.913000,63.600000,-1.200000
2021-07-23,1.281000,1.923000,64.200000,0.600000
2021-07-26,1.295000,1.947000,65.200000,1.000000
2021-07-27,1.239000,1.893000,65.400000,0.200000
2021-07-28,1.238000,1.887000,64.900000,-0.500000
2021-07-29,1.266000,1.918000,65.200000,0.300000
2021-07-30,1.226000,1.895000,66.900000,1.700000
2021-08-02,1.179000,1.849000,67.000000,0.100000
2021-08-03,1.174000,1.845000,67.100000,0.100000
2021-08-04,1.180000,1.834000,65.400000,-1.700000
2021-08-05,1.225000,1.864000,63.900000,-1.500000
2021-08-06,1.305000,1.953000,64.800000,0.900000
2021-08-09,1.325000,1.970000,64.500000,-0.300000
2021-08-10,1.354000,2.001000,64.700000,0.200000
2021-08-11,1.335000,2.001000,66.600000,1.900000
2021-08-12,1.361000,2.003000,64.200000,-2.400000
2021-08-13,1.283000,1.933000,65.000000,0.800000
2021-08-16,1.268000,1.930000,66.200000,1.200000
2021-08-17,1.267000,1.926000,65.900000,-0.300000
2021-08-18,1.260000,1.901000,64.100000,-1.800000
2021-08-19,1.243000,1.874000,63.100000,-1.000000
2021-08-20,1.255000,1.871000,61.600000,-1.500000
2021-08-23,1.253000,1.874000,62.100000,0.500000
2021-08-24,1.297000,1.915000,61.800000,-0.300000
2021-08-25,1.349000,1.956000,60.700000,-1.100000
2021-08-26,1.354000,1.950000,59.600000,-1.100000
2021-08-27,1.310000,1.921000,61.100000,1.500000
2021-08-30,1.280000,1.895000,61.500000,0.400000
2021-08-31,1.307000,1.928000,62.100000,0.600000
2021-09-01,1.299000,1.915000,61.600000,-0.500000
2021-09-02,1.285000,1.898000,61.300000,-0.300000
2021-09-03,1.326000,1.946000,62.000000,0.700000
2021-09-06,1.336000,1.952000,61.600000,-0.400000
2021-09-07,1.377000,1.993000,61.600000,0.000000
2021-09-08,1.336000,1.955000,61.900000,0.300000
2021-09-09,1.297000,1.893000,59.600000,-2.300000
2021-09-10,1.343000,1.934000,59.100000,-0.500000
2021-09-13,1.326000,1.906000,58.000000,-1.100000
2021-09-14,1.284000,1.859000,57.500000,-0.500000
2021-09-15,1.304000,1.864000,56.000000,-1.500000
2021-09-16,1.336000,1.881000,54.500000,-1.500000
2021-09-17,1.363000,1.903000,54.000000,-0.500000
2021-09-20,1.312000,1.848000,53.600000,-0.400000
2021-09-21,1.328000,1.860000,53.200000,-0.400000
2021-09-22,1.304000,1.813000,50.900000,-2.300000
2021-09-23,1.435000,1.946000,51.100000,0.200000
2021-09-24,1.453000,1.985000,53.200000,2.100000
2021-09-27,1.491000,2.001000,51.000000,-2.200000
2021-09-28,1.546000,2.096000,55.000000,4.000000
2021-09-29,1.524000,2.069000,54.500000,-0.500000
2021-09-30,1.492000,2.050000,55.800000,1.300000
2021-10-01,1.465000,2.033000,56.800000,1.000000
2021-10-04,1.481000,2.045000,56.400000,-0.400000
2021-10-05,1.528000,2.098000,57.000000,0.600000
2021-10-06,1.528000,2.082000,55.400000,-1.600000
2021-10-07,1.576000,2.128000,55.200000,-0.200000
2021-10-08,1.612000,2.165000,55.300000,0.100000
2021-10-11,1.628000,2.173000,54.500000,-0.800000
2021-10-12,1.572000,2.090000,51.800000,-2.700000
2021-10-13,1.542000,2.034000,49.200000,-2.600000
2021-10-14,1.516000,2.020000,50.400000,1.200000
2021-10-15,1.574000,2.046000,47.200000,-3.200000
2021-10-18,1.591000,2.025000,43.400000,-3.800000
2021-10-19,1.641000,2.090000,44.900000,1.500000
2021-10-20,1.660000,2.136000,47.600000,2.700000
2021-10-21,1.696000,2.144000,44.800000,-2.800000
2021-10-22,1.638000,2.071000,43.300000,-1.500000
2021-10-25,1.633000,2.083000,45.000000,1.700000
2021-10-26,1.610000,2.039000,42.900000,-2.100000
2021-10-27,1.550000,1.960000,41.000000,-1.900000
2021-10-28,1.578000,1.979000,40.100000,-0.900000
2021-10-29,1.561000,1.939000,37.800000,-2.300000
2021-11-01,1.561000,1.961000,40.000000,2.200000
2021-11-02,1.547000,1.958000,41.100000,1.100000
2021-11-03,1.603000,2.024000,42.100000,1.000000
2021-11-04,1.530000,1.965000,43.500000,1.400000
2021-11-05,1.455000,1.888000,43.300000,-0.200000
2021-11-08,1.493000,1.890000,39.700000,-3.600000
2021-11-09,1.439000,1.822000,38.300000,-1.400000
2021-11-10,1.570000,1.924000,35.400000,-2.900000
2021-11-11,1.578000,1.915000,33.700000,-1.700000
2021-11-12,1.570000,1.938000,36.800000,3.100000
2021-11-15,1.618000,1.997000,37.900000,1.100000
2021-11-16,1.640000,2.033000,39.300000,1.400000
2021-11-17,1.585000,1.968000,38.300000,-1.000000
2021-11-18,1.587000,1.973000,38.600000,0.300000
2021-11-19,1.548000,1.911000,36.300000,-2.300000
2021-11-22,1.632000,1.973000,34.100000,-2.200000
2021-11-23,1.676000,2.031000,35.500000,1.400000
2021-11-24,1.643000,1.968000,32.500000,-3.000000
2021-11-25,1.596000,1.934000,33.800000,1.300000
2021-11-26,1.482000,1.827000,34.500000,0.700000
2021-11-29,1.502000,1.856000,35.400000,0.900000
2021-11-30,1.456000,1.803000,34.700000,-0.700000
2021-12-01,1.404000,1.745000,34.100000,-0.600000
2021-12-02,1.444000,1.766000,32.200000,-1.900000
2021-12-03,1.356000,1.684000,32.800000,0.600000
2021-12-06,1.433000,1.770000,33.700000,0.900000
2021-12-07,1.482000,1.809000,32.700000,-1.000000
2021-12-08,1.528000,1.893000,36.500000,3.800000
2021-12-09,1.497000,1.875000,37.800000,1.300000
2021-12-10,1.482000,1.882000,40.000000,2.200000
2021-12-13,1.414000,1.799000,38.500000,-1.500000
2021-12-14,1.441000,1.827000,38.600000,0.100000
2021-12-15,1.458000,1.858000,40.000000,1.400000
2021-12-16,1.424000,1.867000,44.300000,4.300000
2021-12-17,1.407000,1.810000,40.300000,-4.000000
2021-12-20,1.428000,1.856000,42.800000,2.500000
2021-12-21,1.467000,1.871000,40.400000,-2.400000
2021-12-22,1.453000,1.852000,39.900000,-0.500000
2021-12-23,1.493000,1.905000,41.200000,1.300000
2021-12-27,1.477000,1.882000,40.500000,-0.700000
2021-12-28,1.484000,1.904000,42.000000,1.500000
2021-12-29,1.556000,1.967000,41.100000,-0.900000
2021-12-30,1.507000,1.914000,40.700000,-0.400000
2021-12-31,1.512000,1.905000,39.300000,-1.400000
2022-01-03,1.637000,2.031000,39.400000,0.100000
2022-01-04,1.649000,2.059000,41.000000,1.600000
2022-01-05,1.700000,2.092000,39.200000,-1.800000
2022-01-06,1.728000,2.084000,35.600000,-3.600000
2022-01-07,1.765000,2.117000,35.200000,-0.400000
2022-01-10,1.755000,2.088000,33.300000,-1.900000
2022-01-11,1.746000,2.076000,33.000000,-0.300000
2022-01-12,1.752000,2.095000,34.300000,1.300000
2022-01-13,1.701000,2.041000,34.000000,-0.300000
2022-01-14,1.793000,2.127000,33.400000,-0.600000
2022-01-17,1.809000,2.137000,32.800000,-0.600000
2022-01-18,1.875000,2.189000,31.400000,-1.400000
2022-01-19,1.854000,2.172000,31.800000,0.400000
2022-01-20,1.811000,2.124000,31.300000,-0.500000
2022-01-21,1.770000,2.085000,31.500000,0.200000
2022-01-24,1.776000,2.116000,34.000000,2.500000
2022-01-25,1.776000,2.119000,34.300000,0.300000
2022-01-26,1.873000,2.175000,30.200000,-4.100000
2022-01-27,1.803000,2.091000,28.800000,-1.400000
2022-01-28,1.778000,2.080000,30.200000,1.400000
2022-01-31,1.784000,2.116000,33.200000,3.000000
2022-02-01,1.795000,2.117000,32.200000,-1.000000
2022-02-02,1.771000,2.106000,33.500000,1.300000
2022-02-03,1.836000,2.156000,32.000000,-1.500000
2022-02-04,1.916000,2.213000,29.700000,-2.300000
2022-02-07,1.919000,2.218000,29.900000,0.200000
2022-02-08,1.965000,2.260000,29.500000,-0.400000
2022-02-09,1.945000,2.251000,30.600000,1.100000
2022-02-10,2.043000,2.323000,28.000000,-2.600000
2022-02-11,1.918000,2.234000,31.600000,3.600000
2022-02-14,1.986000,2.285000,29.900000,-1.700000
2022-02-15,2.043000,2.362000,31.900000,2.000000
2022-02-16,2.040000,2.342000,30.200000,-1.700000
2022-02-17,1.968000,2.297000,32.900000,2.700000
2022-02-18,1.927000,2.242000,31.500000,-1.400000
2022-02-21,1.873000,2.209000,33.600000,2.100000
2022-02-22,1.944000,2.242000,29.800000,-3.800000
2022-02-23,1.998000,2.302000,30.400000,0.600000
2022-02-24,1.970000,2.283000,31.300000,0.900000
2022-02-25,1.970000,2.285000,31.500000,0.200000
2022-02-28,1.822000,2.159000,33.700000,2.200000
2022-03-01,1.716000,2.109000,39.300000,5.600000
2022-03-02,1.878000,2.254000,37.600000,-1.700000
2022-03-03,1.840000,2.226000,38.600000,1.000000
2022-03-04,1.737000,2.162000,42.500000,3.900000
2022-03-07,1.777000,2.184000,40.700000,-1.800000
2022-03-08,1.840000,2.219000,37.900000,-2.800000
2022-03-09,1.951000,2.331000,38.000000,0.100000
2022-03-10,1.993000,2.373000,38.000000,0.000000
2022-03-11,1.997000,2.354000,35.700000,-2.300000
2022-03-14,2.142000,2.481000,33.900000,-1.800000
2022-03-15,2.149000,2.484000,33.500000,-0.400000
2022-03-16,2.192000,2.463000,27.100000,-6.400000
2022-03-17,2.167000,2.461000,29.400000,2.300000
2022-03-18,2.153000,2.421000,26.800000,-2.600000
2022-03-21,2.297000,2.520000,22.300000,-4.500000
2022-03-22,2.381000,2.603000,22.200000,-0.100000
2022-03-23,2.290000,2.480000,19.000000,-3.200000
2022-03-24,2.370000,2.532000,16.200000,-2.800000
2022-03-25,2.488000,2.602000,11.400000,-4.800000
2022-03-28,2.466000,2.550000,8.400000,-3.000000
2022-03-29,2.398000,2.503000,10.500000,2.100000
2022-03-30,2.358000,2.480000,12.200000,1.700000
2022-03-31,2.345000,2.453000,10.800000,-1.400000
2022-04-01,2.389000,2.435000,4.600000,-6.200000
2022-04-04,2.393000,2.456000,6.300000,1.700000
2022-04-05,2.554000,2.582000,2.800000,-3.500000
2022-04-06,2.598000,2.623000,2.500000,-0.300000
2022-04-07,2.665000,2.685000,2.000000,-0.500000
2022-04-08,2.704000,2.721000,1.700000,-0.300000
2022-04-11,2.774000,2.805000,3.100000,1.400000
2022-04-12,2.727000,2.806000,7.900000,4.800000
2022-04-13,2.703000,2.812000,10.900000,3.000000
2022-04-14,2.828000,2.919000,9.100000,-1.800000
2022-04-18,2.857000,2.946000,8.900000,-0.200000
2022-04-19,2.940000,2.993000,5.300000,-3.600000
2022-04-20,2.834000,2.874000,4.000000,-1.300000
2022-04-21,2.908000,2.927000,1.900000,-2.100000
2022-04-22,2.905000,2.951000,4.600000,2.700000
2022-04-25,2.818000,2.886000,6.800000,2.200000
2022-04-26,2.728000,2.835000,10.700000,3.900000
2022-04-27,2.826000,2.913000,8.700000,-2.000000
2022-04-28,2.832000,2.902000,7.000000,-1.700000
2022-04-29,2.938000,2.996000,5.800000,-1.200000
2022-05-02,2.977000,3.029000,5.200000,-0.600000
2022-05-03,2.979000,3.018000,3.900000,-1.300000
2022-05-04,2.946000,3.040000,9.400000,5.500000
2022-05-05,3.035000,3.119000,8.400000,-1.000000
2022-05-06,3.142000,3.238000,9.600000,1.200000
2022-05-09,3.034000,3.156000,12.200000,2.600000
2022-05-10,2.989000,3.127000,13.800000,1.600000
2022-05-11,2.925000,3.045000,12.000000,-1.800000
2022-05-12,2.855000,3.023000,16.800000,4.800000
2022-05-13,2.928000,3.088000,16.000000,-0.800000
2022-05-16,2.886000,3.103000,21.700000,5.700000
2022-05-17,2.995000,3.194000,19.900000,-1.800000
2022-05-18,2.884000,3.070000,18.600000,-1.300000
2022-05-19,2.837000,3.049000,21.200000,2.600000
2022-05-20,2.788000,2.993000,20.500000,-0.700000
2022-05-23,2.861000,3.065000,20.400000,-0.100000
2022-05-24,2.754000,2.970000,21.600000,1.200000
2022-05-25,2.751000,2.975000,22.400000,0.800000
2022-05-26,2.742000,2.974000,23.200000,0.800000
2022-05-27,2.743000,2.971000,22.800000,-0.400000
2022-05-30,2.812000,3.019000,20.700000,-2.100000
2022-05-31,2.849000,3.056000,20.700000,-0.000000
2022-06-01,2.911000,3.062000,15.100000,-5.600000
2022-06-02,2.913000,3.079000,16.600000,1.500000
2022-06-03,2.941000,3.095000,15.400000,-1.200000
2022-06-06,3.040000,3.191000,15.100000,-0.300000
2022-06-07,2.979000,3.131000,15.200000,0.100000
2022-06-08,3.027000,3.177000,15.000000,-0.200000
2022-06-09,3.046000,3.165000,11.900000,-3.100000
2022-06-10,3.165000,3.203000,3.800000,-8.100000
2022-06-13,3.362000,3.355000,-0.700000,-4.500000
2022-06-14,3.479000,3.431000,-4.800000,-4.100000
2022-06-15,3.292000,3.333000,4.100000,8.900000
2022-06-16,3.195000,3.243000,4.800000,0.700000
2022-06-17,3.231000,3.282000,5.100000,0.300000
2022-06-20,3.277000,3.345000,6.800000,1.700000
2022-06-21,3.279000,3.349000,7.000000,0.200000
2022-06-22,3.160000,3.248000,8.800000,1.800000
2022-06-23,3.089000,3.206000,11.700000,2.900000
2022-06-24,3.138000,3.265000,12.700000,1.000000
2022-06-27,3.202000,3.314000,11.200000,-1.500000
2022-06-28,3.177000,3.284000,10.700000,-0.500000
2022-06-29,3.087000,3.215000,12.800000,2.100000
2022-06-30,3.017000,3.184000,16.700000,3.900000
2022-07-01,2.889000,3.116000,22.700000,6.000000
2022-07-04,2.932000,3.161000,22.900000,0.200000
2022-07-05,2.818000,3.049000,23.100000,0.200000
2022-07-06,2.934000,3.127000,19.300000,-3.800000
2022-07-07,3.000000,3.188000,18.800000,-0.500000
2022-07-08,3.080000,3.252000,17.200000,-1.600000
2022-07-11,2.993000,3.175000,18.200000,1.000000
2022-07-12,2.971000,3.159000,18.800000,0.600000
2022-07-13,2.935000,3.116000,18.100000,-0.700000
2022-07-14,2.958000,3.108000,15.000000,-3.100000
2022-07-15,2.928000,3.091000,16.300000,1.300000
2022-07-18,2.989000,3.164000,17.500000,1.200000
2022-07-19,3.028000,3.183000,15.500000,-2.000000
2022-07-20,3.030000,3.165000,13.500000,-2.000000
2022-07-21,2.882000,3.053000,17.100000,3.600000
2022-07-22,2.754000,2.976000,22.200000,5.100000
2022-07-25,2.807000,3.029000,22.200000,0.000000
2022-07-26,2.803000,3.023000,22.000000,-0.200000
2022-07-27,2.785000,3.069000,28.400000,6.400000
2022-07-28,2.671000,3.017000,34.600000,6.200000
2022-07-29,2.658000,3.012000,35.400000,0.800000
2022-08-01,2.588000,2.916000,32.800000,-2.600000
2022-08-02,2.748000,3.010000,26.200000,-6.600000
2022-08-03,2.706000,2.952000,24.600000,-1.600000
2022-08-04,2.694000,2.977000,28.300000,3.700000
2022-08-05,2.827000,3.066000,23.900000,-4.400000
2022-08-08,2.750000,2.976000,22.600000,-1.300000
2022-08-09,2.779000,2.996000,21.700000,-0.900000
2022-08-10,2.785000,3.037000,25.200000,3.500000
2022-08-11,2.889000,3.182000,29.300000,4.100000
2022-08-12,2.842000,3.114000,27.200000,-2.100000
2022-08-15,2.793000,3.104000,31.100000,3.900000
2022-08-16,2.808000,3.090000,28.200000,-2.900000
2022-08-17,2.902000,3.155000,25.300000,-2.900000
2022-08-18,2.886000,3.143000,25.700000,0.400000
2022-08-19,2.976000,3.215000,23.900000,-1.800000
2022-08-22,3.024000,3.231000,20.700000,-3.200000
2022-08-23,3.057000,3.263000,20.600000,-0.100000
2022-08-24,3.109000,3.316000,20.700000,0.100000
2022-08-25,3.031000,3.241000,21.000000,0.300000
2022-08-26,3.030000,3.189000,15.900000,-5.100000
2022-08-29,3.114000,3.247000,13.300000,-2.600000
2022-08-30,3.112000,3.226000,11.400000,-1.900000
2022-08-31,3.196000,3.299000,10.300000,-1.100000
2022-09-01,3.259000,3.364000,10.500000,0.200000
2022-09-02,3.195000,3.348000,15.300000,4.800000
2022-09-05,3.223000,3.367000,14.400000,-0.900000
2022-09-06,3.351000,3.500000,14.900000,0.500000
2022-09-07,3.267000,3.415000,14.800000,-0.100000
2022-09-08,3.323000,3.477000,15.400000,0.600000
2022-09-09,3.315000,3.449000,13.400000,-2.000000
2022-09-12,3.358000,3.509000,15.100000,1.700000
2022-09-13,3.412000,3.490000,7.800000,-7.300000
2022-09-14,3.404000,3.460000,5.600000,-2.200000
2022-09-15,3.449000,3.470000,2.100000,-3.500000
2022-09-16,3.455000,3.520000,6.500000,4.400000
2022-09-19,3.494000,3.516000,2.200000,-4.300000
2022-09-20,3.569000,3.575000,0.600000,-1.600000
2022-09-21,3.534000,3.507000,-2.700000,-3.300000
2022-09-22,3.710000,3.638000,-7.200000,-4.500000
2022-09-23,3.687000,3.610000,-7.700000,-0.500000
2022-09-26,3.928000,3.747000,-18.100000,-10.400000
2022-09-27,3.949000,3.826000,-12.300000,5.800000
2022-09-28,3.737000,3.697000,-4.000000,8.300000
2022-09-29,3.782000,3.715000,-6.700000,-2.700000
2022-09-30,3.829000,3.781000,-4.800000,1.900000
2022-10-03,3.643000,3.677000,3.400000,8.200000
2022-10-04,3.635000,3.704000,6.900000,3.500000
2022-10-05,3.755000,3.751000,-0.400000,-7.300000
2022-10-06,3.828000,3.788000,-4.000000,-3.600000
2022-10-07,3.888000,3.848000,-4.000000,0.000000
2022-10-10,3.955000,3.937000,-1.800000,2.200000
2022-10-11,3.945000,3.918000,-2.700000,-0.900000
2022-10-12,3.902000,3.884000,-1.800000,0.900000
2022-10-13,3.950000,3.930000,-2.000000,-0.200000
2022-10-14,4.023000,3.994000,-2.900000,-0.900000
2022-10-17,4.012000,4.019000,0.700000,3.600000
2022-10-18,4.007000,4.027000,2.000000,1.300000
2022-10-19,4.138000,4.129000,-0.900000,-2.900000
2022-10-20,4.233000,4.220000,-1.300000,-0.400000
2022-10-21,4.219000,4.337000,11.800000,13.100000
2022-10-24,4.247000,4.386000,13.900000,2.100000
2022-10-25,4.100000,4.250000,15.000000,1.100000
2022-10-26,4.007000,4.145000,13.800000,-1.200000
2022-10-27,3.927000,4.089000,16.200000,2.400000
2022-10-28,4.010000,4.135000,12.500000,-3.700000
2022-10-31,4.050000,4.163000,11.300000,-1.200000
2022-11-01,4.048000,4.099000,5.100000,-6.200000
2022-11-02,4.096000,4.132000,3.600000,-1.500000
2022-11-03,4.149000,4.184000,3.500000,-0.100000
2022-11-04,4.163000,4.256000,9.300000,5.800000
2022-11-07,4.218000,4.321000,10.300000,1.000000
2022-11-08,4.128000,4.272000,14.400000,4.100000
2022-11-09,4.099000,4.272000,17.300000,2.900000
2022-11-10,3.811000,4.059000,24.800000,7.500000
2022-11-14,3.863000,4.045000,18.200000,-6.600000
2022-11-15,3.777000,3.963000,18.600000,0.400000
2022-11-16,3.690000,3.844000,15.400000,-3.200000
2022-11-17,3.769000,3.878000,10.900000,-4.500000
2022-11-18,3.829000,3.927000,9.800000,-1.100000
2022-11-21,3.840000,3.907000,6.700000,-3.100000
2022-11-22,3.758000,3.831000,7.300000,0.600000
2022-11-23,3.689000,3.725000,3.600000,-3.700000
2022-11-24,3.661000,3.711000,5.000000,1.400000
2022-11-25,3.691000,3.751000,6.000000,1.000000
2022-11-28,3.679000,3.723000,4.400000,-1.600000
2022-11-29,3.750000,3.801000,5.100000,0.700000
2022-11-30,3.611000,3.745000,13.400000,8.300000
2022-12-01,3.510000,3.604000,9.400000,-4.000000
2022-12-02,3.492000,3.548000,5.600000,-3.800000
2022-12-05,3.583000,3.589000,0.600000,-5.000000
2022-12-06,3.531000,3.545000,1.400000,0.800000
2022-12-07,3.421000,3.433000,1.200000,-0.200000
2022-12-08,3.489000,3.440000,-4.900000,-6.100000
2022-12-09,3.586000,3.568000,-1.800000,3.100000
2022-12-12,3.617000,3.579000,-3.800000,-2.000000
2022-12-13,3.501000,3.536000,3.500000,7.300000
2022-12-14,3.479000,3.536000,5.700000,2.200000
2022-12-15,3.450000,3.498000,4.800000,-0.900000
2022-12-16,3.488000,3.543000,5.500000,0.700000
2022-12-19,3.590000,3.635000,4.500000,-1.000000
2022-12-20,3.692000,3.750000,5.800000,1.300000
2022-12-21,3.673000,3.727000,5.400000,-0.400000
2022-12-22,3.686000,3.744000,5.800000,0.400000
2022-12-23,3.751000,3.827000,7.600000,1.800000
2022-12-26,3.743000,3.822000,7.900000,0.300000
2022-12-27,3.849000,3.934000,8.500000,0.600000
2022-12-28,3.886000,3.975000,8.900000,0.400000
2022-12-29,3.820000,3.904000,8.400000,-0.500000
2022-12-30,3.879000,3.975000,9.600000,1.200000
2023-01-02,3.879000,3.975000,9.600000,0.000000
2023-01-03,3.752000,3.852000,10.000000,0.400000
2023-01-04,3.690000,3.807000,11.700000,1.700000
2023-01-05,3.722000,3.792000,7.000000,-4.700000
2023-01-06,3.560000,3.684000,12.400000,5.400000
2023-01-09,3.527000,3.651000,12.400000,-0.000000
2023-01-10,3.615000,3.746000,13.100000,0.700000
2023-01-11,3.543000,3.670000,12.700000,-0.400000
2023-01-12,3.444000,3.574000,13.000000,0.300000
2023-01-13,3.498000,3.609000,11.100000,-1.900000
2023-01-16,3.529000,3.647000,11.800000,0.700000
2023-01-17,3.549000,3.661000,11.200000,-0.600000
2023-01-18,3.373000,3.540000,16.700000,5.500000
2023-01-19,3.399000,3.569000,17.000000,0.300000
2023-01-20,3.482000,3.649000,16.700000,-0.300000
2023-01-23,3.521000,3.686000,16.500000,-0.200000
2023-01-24,3.455000,3.604000,14.900000,-1.600000
2023-01-25,3.451000,3.603000,15.200000,0.300000
2023-01-26,3.506000,3.642000,13.600000,-1.600000
2023-01-27,3.507000,3.626000,11.900000,-1.700000
2023-01-30,3.542000,3.651000,10.900000,-1.000000
2023-01-31,3.510000,3.635000,12.500000,1.600000
2023-02-01,3.417000,3.572000,15.500000,3.000000
2023-02-02,3.402000,3.555000,15.300000,-0.200000
2023-02-03,3.519000,3.616000,9.700000,-5.600000
2023-02-06,3.644000,3.676000,3.200000,-6.500000
2023-02-07,3.679000,3.716000,3.700000,0.500000
2023-02-08,3.615000,3.672000,5.700000,2.000000
2023-02-09,3.664000,3.733000,6.900000,1.200000
2023-02-10,3.743000,3.828000,8.500000,1.600000
2023-02-13,3.704000,3.776000,7.200000,-1.300000
2023-02-14,3.753000,3.781000,2.800000,-4.400000
2023-02-15,3.803000,3.836000,3.300000,0.500000
2023-02-16,3.863000,3.918000,5.500000,2.200000
2023-02-17,3.817000,3.866000,4.900000,-0.600000
2023-02-20,3.851000,3.888000,3.700000,-1.200000
2023-02-21,3.954000,3.970000,1.600000,-2.100000
2023-02-22,3.927000,3.922000,-0.500000,-2.100000
2023-02-23,3.890000,3.890000,0.000000,0.500000
2023-02-24,3.947000,3.930000,-1.700000,-1.700000
2023-02-27,3.922000,3.932000,1.000000,2.700000
2023-02-28,3.928000,3.924000,-0.400000,-1.400000
2023-03-01,3.994000,3.955000,-3.900000,-3.500000
2023-03-02,4.062000,4.001000,-6.100000,-2.200000
2023-03-03,3.958000,3.878000,-8.000000,-1.900000
2023-03-06,3.964000,3.899000,-6.500000,1.500000
2023-03-07,3.970000,3.877000,-9.300000,-2.800000
2023-03-08,3.989000,3.891000,-9.800000,-0.500000
2023-03-09,3.907000,3.857000,-5.000000,4.800000
2023-03-10,3.704000,3.712000,0.800000,5.800000
2023-03-13,3.545000,3.694000,14.900000,14.100000
2023-03-14,3.685000,3.805000,12.000000,-2.900000
2023-03-15,3.462000,3.649000,18.700000,6.700000
2023-03-16,3.579000,3.712000,13.300000,-5.400000
2023-03-17,3.438000,3.627000,18.900000,5.600000
2023-03-20,3.483000,3.668000,18.500000,-0.400000
2023-03-21,3.608000,3.728000,12.000000,-6.500000
2023-03-22,3.451000,3.670000,21.900000,9.900000
2023-03-23,3.414000,3.681000,26.700000,4.800000
2023-03-24,3.372000,3.644000,27.200000,0.500000
2023-03-27,3.539000,3.769000,23.000000,-4.200000
2023-03-28,3.572000,3.777000,20.500000,-2.500000
2023-03-29,3.566000,3.765000,19.900000,-0.600000
2023-03-30,3.547000,3.730000,18.300000,-1.600000
2023-03-31,3.473000,3.651000,17.800000,-0.500000
2023-04-03,3.415000,3.633000,21.800000,4.000000
2023-04-04,3.339000,3.595000,25.600000,3.800000
2023-04-05,3.309000,3.570000,26.100000,0.500000
2023-04-06,3.303000,3.548000,24.500000,-1.600000
2023-04-07,3.413000,3.623000,21.000000,-3.500000
2023-04-10,3.415000,3.627000,21.200000,0.200000
2023-04-11,3.432000,3.625000,19.300000,-1.900000
2023-04-12,3.400000,3.635000,23.500000,4.200000
2023-04-13,3.449000,3.686000,23.700000,0.200000
2023-04-14,3.515000,3.737000,22.200000,-1.500000
2023-04-17,3.606000,3.817000,21.100000,-1.100000
2023-04-18,3.578000,3.787000,20.900000,-0.200000
2023-04-19,3.591000,3.782000,19.100000,-1.800000
2023-04-20,3.536000,3.744000,20.800000,1.700000
2023-04-21,3.568000,3.771000,20.300000,-0.500000
2023-04-24,3.496000,3.713000,21.700000,1.400000
2023-04-25,3.400000,3.656000,25.600000,3.900000
2023-04-26,3.445000,3.705000,26.000000,0.400000
2023-04-27,3.528000,3.756000,22.800000,-3.200000
2023-04-28,3.433000,3.682000,24.900000,2.100000
2023-05-01,3.570000,3.809000,23.900000,-1.000000
2023-05-02,3.433000,3.714000,28.100000,4.200000
2023-05-03,3.364000,3.693000,32.900000,4.800000
2023-05-04,3.377000,3.730000,35.300000,2.400000
2023-05-05,3.435000,3.750000,31.500000,-3.800000
2023-05-08,3.507000,3.823000,31.600000,0.100000
2023-05-09,3.522000,3.843000,32.100000,0.500000
2023-05-10,3.439000,3.796000,35.700000,3.600000
2023-05-11,3.386000,3.740000,35.400000,-0.300000
2023-05-12,3.463000,3.783000,32.000000,-3.400000
2023-05-15,3.507000,3.844000,33.700000,1.700000
2023-05-16,3.541000,3.858000,31.700000,-2.000000
2023-05-17,3.572000,3.860000,28.800000,-2.900000
2023-05-18,3.651000,3.910000,25.900000,-2.900000
2023-05-19,3.682000,3.935000,25.300000,-0.600000
2023-05-22,3.719000,3.967000,24.800000,-0.500000
2023-05-23,3.698000,3.952000,25.400000,0.600000
2023-05-24,3.744000,3.987000,24.300000,-1.100000
2023-05-25,3.823000,3.995000,17.200000,-7.100000
2023-05-26,3.810000,3.969000,15.900000,-1.300000
2023-05-28,3.819000,3.971000,15.200000,-0.700000
2023-05-29,3.764000,3.923000,15.900000,0.700000
2023-05-30,3.694000,3.897000,20.300000,4.400000
2023-05-31,3.646000,3.859000,21.300000,1.000000
2023-06-01,3.601000,3.819000,21.800000,0.500000
2023-06-02,3.698000,3.889000,19.100000,-2.700000
2023-06-05,3.689000,3.889000,20.000000,0.900000
2023-06-06,3.677000,3.853000,17.600000,-2.400000
2023-06-07,3.793000,3.948000,15.500000,-2.100000
2023-06-08,3.718000,3.886000,16.800000,1.300000
2023-06-09,3.743000,3.883000,14.000000,-2.800000
2023-06-12,3.743000,3.888000,14.500000,0.500000
2023-06-13,3.827000,3.932000,10.500000,-4.000000
2023-06-14,3.790000,3.879000,8.900000,-1.600000
2023-06-15,3.720000,3.840000,12.000000,3.100000
2023-06-16,3.767000,3.853000,8.600000,-3.400000
2023-06-19,3.822000,3.910000,8.800000,0.200000
2023-06-20,3.719000,3.812000,9.300000,0.500000
2023-06-21,3.727000,3.810000,8.300000,-1.000000
2023-06-22,3.797000,3.870000,7.300000,-1.000000
2023-06-23,3.737000,3.814000,7.700000,0.400000
2023-06-26,3.723000,3.816000,9.300000,1.600000
2023-06-27,3.772000,3.846000,7.400000,-1.900000
2023-06-28,3.714000,3.812000,9.800000,2.400000
2023-06-29,3.842000,3.899000,5.700000,-4.100000
2023-06-30,3.841000,3.864000,2.300000,-3.400000
2023-07-03,3.858000,3.870000,1.200000,-1.100000
2023-07-04,3.839000,3.856000,1.700000,0.500000
2023-07-05,3.934000,3.927000,-0.700000,-2.400000
2023-07-06,4.031000,3.999000,-3.200000,-2.500000
2023-07-07,4.066000,4.047000,-1.900000,1.300000
2023-07-10,4.000000,4.038000,3.800000,5.700000
2023-07-11,3.978000,4.014000,3.600000,-0.200000
2023-07-12,3.861000,3.953000,9.200000,5.600000
2023-07-13,3.767000,3.905000,13.800000,4.600000
2023-07-14,3.830000,3.926000,9.600000,-4.200000
2023-07-17,3.809000,3.931000,12.200000,2.600000
2023-07-18,3.789000,3.899000,11.000000,-1.200000
2023-07-19,3.748000,3.841000,9.300000,-1.700000
2023-07-20,3.856000,3.913000,5.700000,-3.600000
2023-07-21,3.837000,3.900000,6.300000,0.600000
2023-07-24,3.878000,3.928000,5.000000,-1.300000
2023-07-25,3.890000,3.936000,4.600000,-0.400000
2023-07-26,3.873000,3.944000,7.100000,2.500000
2023-07-27,4.002000,4.040000,3.800000,-3.300000
2023-07-28,3.957000,4.013000,5.600000,1.800000
2023-07-31,3.967000,4.014000,4.700000,-0.900000
2023-08-01,4.037000,4.102000,6.500000,1.800000
2023-08-02,4.090000,4.184000,9.400000,2.900000
2023-08-03,4.179000,4.296000,11.700000,2.300000
2023-08-04,4.042000,4.203000,16.100000,4.400000
2023-08-07,4.097000,4.272000,17.500000,1.400000
2023-08-08,4.028000,4.212000,18.400000,0.900000
2023-08-09,4.016000,4.175000,15.900000,-2.500000
2023-08-10,4.107000,4.255000,14.800000,-1.100000
2023-08-11,4.158000,4.264000,10.600000,-4.200000
2023-08-14,4.201000,4.299000,9.800000,-0.800000
2023-08-15,4.219000,4.321000,10.200000,0.400000
2023-08-16,4.258000,4.356000,9.800000,-0.400000
2023-08-17,4.284000,4.393000,10.900000,1.100000
2023-08-18,4.251000,4.375000,12.400000,1.500000
2023-08-21,4.342000,4.450000,10.800000,-1.600000
2023-08-22,4.332000,4.406000,7.400000,-3.400000
2023-08-23,4.196000,4.269000,7.300000,-0.100000
2023-08-24,4.241000,4.303000,6.200000,-1.100000
2023-08-25,4.231000,4.279000,4.800000,-1.400000
2023-08-28,4.206000,4.279000,7.300000,2.500000
2023-08-29,4.120000,4.226000,10.600000,3.300000
2023-08-30,4.112000,4.223000,11.100000,0.500000
2023-08-31,4.106000,4.209000,10.300000,-0.800000
2023-09-01,4.181000,4.297000,11.600000,1.300000
2023-09-03,4.187000,4.303000,11.600000,0.000000
2023-09-04,4.206000,4.317000,11.100000,-0.500000
2023-09-05,4.266000,4.375000,10.900000,-0.200000
2023-09-06,4.296000,4.365000,6.900000,-4.000000
2023-09-07,4.250000,4.342000,9.200000,2.300000
2023-09-08,4.260000,4.334000,7.400000,-1.800000
2023-09-11,4.294000,4.376000,8.200000,0.800000
2023-09-12,4.280000,4.352000,7.200000,-1.000000
2023-09-13,4.254000,4.345000,9.100000,1.900000
2023-09-14,4.286000,4.380000,9.400000,0.300000
2023-09-15,4.336000,4.421000,8.500000,-0.900000
2023-09-18,4.303000,4.383000,8.000000,-0.500000
2023-09-19,4.365000,4.429000,6.400000,-1.600000
2023-09-20,4.399000,4.440000,4.100000,-2.300000
2023-09-21,4.494000,4.578000,8.400000,4.300000
2023-09-22,4.438000,4.529000,9.100000,0.700000
2023-09-25,4.531000,4.648000,11.700000,2.600000
2023-09-26,4.550000,4.687000,13.700000,2.000000
2023-09-27,4.608000,4.717000,10.900000,-2.800000
2023-09-28,4.579000,4.707000,12.800000,1.900000
2023-09-29,4.579000,4.709000,13.000000,0.200000
2023-10-02,4.685000,4.796000,11.100000,-1.900000
2023-10-03,4.795000,4.923000,12.800000,1.700000
2023-10-04,4.735000,4.863000,12.800000,0.000000
2023-10-05,4.721000,4.891000,17.000000,4.200000
2023-10-06,4.795000,4.960000,16.500000,-0.500000
2023-10-09,4.628000,4.817000,18.900000,2.400000
2023-10-10,4.657000,4.838000,18.100000,-0.800000
2023-10-11,4.558000,4.697000,13.900000,-4.200000
2023-10-12,4.697000,4.855000,15.800000,1.900000
2023-10-13,4.616000,4.756000,14.000000,-1.800000
2023-10-16,4.700000,4.847000,14.700000,0.700000
2023-10-17,4.836000,4.925000,8.900000,-5.800000
2023-10-18,4.911000,4.997000,8.600000,-0.300000
2023-10-19,4.990000,5.109000,11.900000,3.300000
2023-10-20,4.914000,5.078000,16.400000,4.500000
2023-10-23,4.848000,5.003000,15.500000,-0.900000
2023-10-24,4.819000,4.931000,11.200000,-4.300000
2023-10-25,4.961000,5.093000,13.200000,2.000000
2023-10-26,4.849000,4.993000,14.400000,1.200000
2023-10-27,4.845000,5.018000,17.300000,2.900000
2023-10-30,4.888000,5.044000,15.600000,-1.700000
2023-10-31,4.926000,5.090000,16.400000,0.800000
2023-11-01,4.734000,4.923000,18.900000,2.500000
2023-11-02,4.661000,4.800000,13.900000,-5.000000
2023-11-03,4.576000,4.770000,19.400000,5.500000
2023-11-06,4.647000,4.815000,16.800000,-2.600000
2023-11-07,4.569000,4.727000,15.800000,-1.000000
2023-11-08,4.492000,4.612000,12.000000,-3.800000
2023-11-09,4.632000,4.772000,14.000000,2.000000
2023-11-10,4.646000,4.756000,11.000000,-3.000000
2023-11-13,4.638000,4.757000,11.900000,0.900000
2023-11-14,4.453000,4.630000,17.700000,5.800000
2023-11-15,4.537000,4.698000,16.100000,-1.600000
2023-11-16,4.441000,4.618000,17.700000,1.600000
2023-11-17,4.439000,4.594000,15.500000,-2.200000
2023-11-20,4.426000,4.576000,15.000000,-0.500000
2023-11-21,4.398000,4.553000,15.500000,0.500000
2023-11-22,4.408000,4.544000,13.600000,-1.900000
2023-11-23,4.453000,4.581000,12.800000,-0.800000
2023-11-24,4.472000,4.603000,13.100000,0.300000
2023-11-27,4.390000,4.541000,15.100000,2.000000
2023-11-28,4.325000,4.505000,18.000000,2.900000
2023-11-29,4.259000,4.443000,18.400000,0.400000
2023-11-30,4.330000,4.497000,16.700000,-1.700000
2023-12-01,4.209000,4.392000,18.300000,1.600000
2023-12-04,4.259000,4.413000,15.400000,-2.900000
2023-12-05,4.167000,4.298000,13.100000,-2.300000
2023-12-06,4.114000,4.220000,10.600000,-2.500000
2023-12-07,4.148000,4.254000,10.600000,0.000000
2023-12-08,4.229000,4.308000,7.900000,-2.700000
2023-12-11,4.237000,4.328000,9.100000,1.200000
2023-12-12,4.210000,4.315000,10.500000,1.400000
2023-12-13,4.024000,4.181000,15.700000,5.200000
2023-12-14,3.921000,4.042000,12.100000,-3.600000
2023-12-15,3.915000,4.012000,9.700000,-2.400000
2023-12-18,3.935000,4.048000,11.300000,1.600000
2023-12-19,3.931000,4.040000,10.900000,-0.400000
2023-12-20,3.853000,3.989000,13.600000,2.700000
2023-12-21,3.892000,4.034000,14.200000,0.600000
2023-12-22,3.901000,4.054000,15.300000,1.100000
2023-12-25,3.902000,4.056000,15.400000,0.100000
2023-12-26,3.897000,4.047000,15.000000,-0.400000
2023-12-27,3.789000,3.946000,15.700000,0.700000
2023-12-28,3.846000,3.996000,15.000000,-0.700000
2023-12-29,3.866000,4.019000,15.300000,0.300000
2024-01-01,3.898000,4.019000,12.100000,-3.200000
2024-01-02,3.941000,4.083000,14.200000,2.100000
2024-01-03,3.920000,4.070000,15.000000,0.800000
2024-01-04,4.003000,4.152000,14.900000,-0.100000
2024-01-05,4.051000,4.206000,15.500000,0.600000
2024-01-08,4.027000,4.184000,15.700000,0.200000
2024-01-09,4.015000,4.185000,17.000000,1.300000
2024-01-10,4.030000,4.206000,17.600000,0.600000
2024-01-11,3.975000,4.181000,20.600000,3.000000
2024-01-12,3.939000,4.175000,23.600000,3.000000
2024-01-15,3.986000,4.217000,23.100000,-0.500000
2024-01-16,4.054000,4.297000,24.300000,1.200000
2024-01-17,4.106000,4.313000,20.700000,-3.600000
2024-01-18,4.142000,4.365000,22.300000,1.600000
2024-01-19,4.130000,4.337000,20.700000,-1.600000
2024-01-22,4.107000,4.323000,21.600000,0.900000
2024-01-23,4.132000,4.367000,23.500000,1.900000
2024-01-24,4.180000,4.411000,23.100000,-0.400000
2024-01-25,4.120000,4.370000,25.000000,1.900000
2024-01-26,4.139000,4.372000,23.300000,-1.700000
2024-01-29,4.076000,4.315000,23.900000,0.600000
2024-01-30,4.036000,4.251000,21.500000,-2.400000
2024-01-31,3.918000,4.173000,25.500000,4.000000
2024-02-01,3.882000,4.122000,24.000000,-1.500000
2024-02-02,4.024000,4.224000,20.000000,-4.000000
2024-02-05,4.162000,4.343000,18.100000,-1.900000
2024-02-06,4.090000,4.293000,20.300000,2.200000
2024-02-07,4.115000,4.318000,20.300000,-0.000000
2024-02-08,4.158000,4.357000,19.900000,-0.400000
2024-02-09,4.177000,4.374000,19.700000,-0.200000
2024-02-12,4.179000,4.380000,20.100000,0.400000
2024-02-13,4.326000,4.472000,14.600000,-5.500000
2024-02-14,4.261000,4.439000,17.800000,3.200000
2024-02-15,4.234000,4.412000,17.800000,0.000000
2024-02-16,4.281000,4.437000,15.600000,-2.200000
2024-02-19,4.317000,4.475000,15.800000,0.200000
2024-02-20,4.275000,4.445000,17.000000,1.200000
2024-02-21,4.319000,4.479000,16.000000,-1.000000
2024-02-22,4.331000,4.464000,13.300000,-2.700000
2024-02-23,4.248000,4.366000,11.800000,-1.500000
2024-02-26,4.281000,4.399000,11.800000,0.000000
2024-02-27,4.303000,4.428000,12.500000,0.700000
2024-02-28,4.266000,4.406000,14.000000,1.500000
2024-02-29,4.254000,4.382000,12.800000,-1.200000
2024-03-01,4.186000,4.331000,14.500000,1.700000
2024-03-04,4.217000,4.352000,13.500000,-1.000000
2024-03-05,4.151000,4.290000,13.900000,0.400000
2024-03-06,4.108000,4.241000,13.300000,-0.600000
2024-03-07,4.089000,4.247000,15.800000,2.500000
2024-03-08,4.077000,4.254000,17.700000,1.900000
2024-03-11,4.098000,4.262000,16.400000,-1.300000
2024-03-12,4.151000,4.312000,16.100000,-0.300000
2024-03-13,4.188000,4.341000,15.300000,-0.800000
2024-03-14,4.292000,4.435000,14.300000,-1.000000
2024-03-15,4.308000,4.431000,12.300000,-2.000000
2024-03-18,4.328000,4.451000,12.300000,-0.000000
2024-03-19,4.293000,4.437000,14.400000,2.100000
2024-03-20,4.277000,4.454000,17.700000,3.300000
2024-03-21,4.269000,4.435000,16.600000,-1.100000
2024-03-22,4.202000,4.380000,17.800000,1.200000
2024-03-25,4.249000,4.419000,17.000000,-0.800000
2024-03-26,4.238000,4.403000,16.500000,-0.500000
2024-03-27,4.188000,4.349000,16.100000,-0.400000
2024-03-28,4.206000,4.349000,14.300000,-1.800000
2024-04-01,4.317000,4.452000,13.500000,-0.800000
2024-04-02,4.353000,4.497000,14.400000,0.900000
2024-04-03,4.351000,4.512000,16.100000,1.700000
2024-04-04,4.307000,4.470000,16.300000,0.200000
2024-04-05,4.400000,4.551000,15.100000,-1.200000
2024-04-08,4.422000,4.551000,12.900000,-2.200000
2024-04-09,4.362000,4.496000,13.400000,0.500000
2024-04-10,4.546000,4.624000,7.800000,-5.600000
2024-04-11,4.584000,4.675000,9.100000,1.300000
2024-04-12,4.517000,4.623000,10.600000,1.500000
2024-04-15,4.610000,4.724000,11.400000,0.800000
2024-04-16,4.669000,4.766000,9.700000,-1.700000
2024-04-17,4.589000,4.703000,11.400000,1.700000
2024-04-18,4.637000,4.735000,9.800000,-1.600000
2024-04-19,4.623000,4.713000,9.000000,-0.800000
2024-04-22,4.610000,4.715000,10.500000,1.500000
2024-04-23,4.607000,4.730000,12.300000,1.800000
2024-04-24,4.648000,4.778000,13.000000,0.700000
2024-04-25,4.704000,4.813000,10.900000,-2.100000
2024-04-26,4.663000,4.777000,11.400000,0.500000
2024-04-29,4.611000,4.731000,12.000000,0.600000
2024-04-30,4.682000,4.784000,10.200000,-1.800000
2024-05-01,4.641000,4.759000,11.800000,1.600000
2024-05-02,4.589000,4.734000,14.500000,2.700000
2024-05-03,4.497000,4.660000,16.300000,1.800000
2024-05-06,4.487000,4.637000,15.000000,-1.300000
2024-05-07,4.461000,4.602000,14.100000,-0.900000
2024-05-08,4.500000,4.644000,14.400000,0.300000
2024-05-09,4.459000,4.613000,15.400000,1.000000
2024-05-10,4.500000,4.642000,14.200000,-1.200000
2024-05-13,4.490000,4.632000,14.200000,-0.000000
2024-05-14,4.445000,4.592000,14.700000,0.500000
2024-05-15,4.344000,4.506000,16.200000,1.500000
2024-05-16,4.377000,4.516000,13.900000,-2.300000
2024-05-17,4.422000,4.562000,14.000000,0.100000
2024-05-20,4.447000,4.583000,13.600000,-0.400000
2024-05-21,4.412000,4.549000,13.700000,0.100000
2024-05-22,4.426000,4.542000,11.600000,-2.100000
2024-05-23,4.479000,4.583000,10.400000,-1.200000
2024-05-24,4.467000,4.573000,10.600000,0.200000
2024-05-27,4.461000,4.571000,11.000000,0.400000
2024-05-28,4.548000,4.663000,11.500000,0.500000
2024-05-29,4.616000,4.736000,12.000000,0.500000
2024-05-30,4.550000,4.683000,13.300000,1.300000
2024-05-31,4.503000,4.650000,14.700000,1.400000
2024-06-03,4.392000,4.540000,14.800000,0.100000
2024-06-04,4.330000,4.474000,14.400000,-0.400000
2024-06-05,4.277000,4.431000,15.400000,1.000000
2024-06-06,4.287000,4.435000,14.800000,-0.600000
2024-06-07,4.433000,4.553000,12.000000,-2.800000
2024-06-10,4.471000,4.598000,12.700000,0.700000
2024-06-11,4.402000,4.537000,13.500000,0.800000
2024-06-12,4.318000,4.479000,16.100000,2.600000
2024-06-13,4.248000,4.401000,15.300000,-0.800000
2024-06-14,4.221000,4.352000,13.100000,-2.200000
2024-06-17,4.285000,4.411000,12.600000,-0.500000
2024-06-18,4.219000,4.352000,13.300000,0.700000
2024-06-19,4.236000,4.364000,12.800000,-0.500000
2024-06-20,4.261000,4.399000,13.800000,1.000000
2024-06-21,4.257000,4.396000,13.900000,0.100000
2024-06-24,4.234000,4.367000,13.300000,-0.600000
2024-06-25,4.248000,4.377000,12.900000,-0.400000
2024-06-26,4.329000,4.459000,13.000000,0.100000
2024-06-27,4.286000,4.425000,13.900000,0.900000
2024-06-28,4.392000,4.554000,16.200000,2.300000
2024-07-01,4.471000,4.633000,16.200000,0.000000
2024-07-02,4.438000,4.607000,16.900000,0.700000
2024-07-03,4.355000,4.523000,16.800000,-0.100000
2024-07-04,4.372000,4.543000,17.100000,0.300000
2024-07-05,4.278000,4.476000,19.800000,2.700000
2024-07-08,4.280000,4.463000,18.300000,-1.500000
2024-07-09,4.298000,4.489000,19.100000,0.800000
2024-07-10,4.282000,4.470000,18.800000,-0.300000
2024-07-11,4.212000,4.423000,21.100000,2.300000
2024-07-12,4.187000,4.400000,21.300000,0.200000
2024-07-15,4.231000,4.459000,22.800000,1.500000
2024-07-16,4.160000,4.372000,21.200000,-1.600000
2024-07-17,4.160000,4.376000,21.600000,0.400000
2024-07-18,4.202000,4.421000,21.900000,0.300000
2024-07-19,4.243000,4.451000,20.800000,-1.100000
2024-07-22,4.254000,4.473000,21.900000,1.100000
2024-07-23,4.254000,4.487000,23.300000,1.400000
2024-07-24,4.286000,4.542000,25.600000,2.300000
2024-07-25,4.245000,4.488000,24.300000,-1.300000
2024-07-26,4.194000,4.454000,26.000000,1.700000
2024-07-29,4.172000,4.423000,25.100000,-0.900000
2024-07-30,4.141000,4.399000,25.800000,0.700000
2024-07-31,4.033000,4.306000,27.300000,1.500000
2024-08-01,3.982000,4.280000,29.800000,2.500000
2024-08-02,3.792000,4.109000,31.700000,1.900000
2024-08-05,3.779000,4.066000,28.700000,-3.000000
2024-08-06,3.901000,4.191000,29.000000,0.300000
2024-08-07,3.953000,4.253000,30.000000,1.000000
2024-08-08,3.990000,4.276000,28.600000,-1.400000
2024-08-09,3.940000,4.220000,28.000000,-0.600000
2024-08-12,3.907000,4.202000,29.500000,1.500000
2024-08-13,3.846000,4.160000,31.400000,1.900000
2024-08-14,3.839000,4.129000,29.000000,-2.400000
2024-08-15,3.919000,4.173000,25.400000,-3.600000
2024-08-16,3.883000,4.138000,25.500000,0.100000
2024-08-19,3.875000,4.124000,24.900000,-0.600000
2024-08-20,3.810000,4.061000,25.100000,0.200000
2024-08-21,3.799000,4.076000,27.700000,2.600000
2024-08-22,3.858000,4.130000,27.200000,-0.500000
2024-08-23,3.795000,4.086000,29.100000,1.900000
2024-08-26,3.820000,4.110000,29.000000,-0.100000
2024-08-27,3.829000,4.120000,29.100000,0.100000
2024-08-28,3.839000,4.128000,28.900000,-0.200000
2024-08-29,3.863000,4.150000,28.700000,-0.200000
2024-08-30,3.909000,4.201000,29.200000,0.500000
2024-09-02,3.926000,4.219000,29.300000,0.100000
2024-09-03,3.831000,4.123000,29.200000,-0.100000
2024-09-04,3.757000,4.060000,30.300000,1.100000
2024-09-05,3.725000,4.019000,29.400000,-0.900000
2024-09-06,3.716000,4.024000,30.800000,1.400000
2024-09-09,3.702000,4.003000,30.100000,-0.700000
2024-09-10,3.640000,3.955000,31.500000,1.400000
2024-09-11,3.661000,3.974000,31.300000,-0.200000
2024-09-12,3.680000,3.994000,31.400000,0.100000
2024-09-13,3.657000,3.984000,32.700000,1.300000
2024-09-16,3.618000,3.931000,31.300000,-1.400000
2024-09-17,3.648000,3.960000,31.200000,-0.100000
2024-09-18,3.713000,4.031000,31.800000,0.600000
2024-09-19,3.719000,4.054000,33.500000,1.700000
2024-09-20,3.741000,4.083000,34.200000,0.700000
2024-09-23,3.751000,4.096000,34.500000,0.300000
2024-09-24,3.732000,4.086000,35.400000,0.900000
2024-09-25,3.791000,4.145000,35.400000,-0.000000
2024-09-26,3.796000,4.131000,33.500000,-1.900000
2024-09-27,3.751000,4.106000,35.500000,2.000000
2024-09-30,3.787000,4.124000,33.700000,-1.800000
2024-10-01,3.731000,4.071000,34.000000,0.300000
2024-10-02,3.783000,4.128000,34.500000,0.500000
2024-10-03,3.846000,4.181000,33.500000,-1.000000
2024-10-04,3.981000,4.268000,28.700000,-4.800000
2024-10-07,4.026000,4.304000,27.800000,-0.900000
2024-10-08,4.035000,4.325000,29.000000,1.200000
2024-10-09,4.067000,4.338000,27.100000,-1.900000
2024-10-10,4.094000,4.385000,29.100000,2.000000
2024-10-11,4.073000,4.382000,30.900000,1.800000
2024-10-15,4.038000,4.328000,29.000000,-1.900000
2024-10-16,4.016000,4.299000,28.300000,-0.700000
2024-10-17,4.096000,4.394000,29.800000,1.500000
2024-10-18,4.075000,4.382000,30.700000,0.900000
2024-10-21,4.182000,4.486000,30.400000,-0.300000
2024-10-22,4.206000,4.494000,28.800000,-1.600000
2024-10-23,4.242000,4.515000,27.300000,-1.500000
2024-10-24,4.202000,4.467000,26.500000,-0.800000
2024-10-25,4.232000,4.499000,26.700000,0.200000
2024-10-28,4.278000,4.530000,25.200000,-1.500000
2024-10-29,4.274000,4.519000,24.500000,-0.700000
2024-10-30,4.299000,4.510000,21.100000,-3.400000
2024-10-31,4.281000,4.471000,19.000000,-2.100000
2024-11-01,4.385000,4.580000,19.500000,0.500000
2024-11-04,4.286000,4.466000,18.000000,-1.500000
2024-11-05,4.280000,4.440000,16.000000,-2.000000
2024-11-06,4.431000,4.607000,17.600000,1.600000
2024-11-07,4.325000,4.530000,20.500000,2.900000
2024-11-08,4.305000,4.472000,16.700000,-3.800000
2024-11-12,4.429000,4.567000,13.800000,-2.900000
2024-11-13,4.450000,4.637000,18.700000,4.900000
2024-11-14,4.445000,4.596000,15.100000,-3.600000
2024-11-15,4.444000,4.622000,17.800000,2.700000
2024-11-18,4.413000,4.607000,19.400000,1.600000
2024-11-19,4.395000,4.582000,18.700000,-0.700000
2024-11-20,4.413000,4.599000,18.600000,-0.100000
2024-11-21,4.419000,4.598000,17.900000,-0.700000
2024-11-22,4.411000,4.594000,18.300000,0.400000
2024-11-25,4.274000,4.463000,18.900000,0.600000
2024-11-26,4.294000,4.465000,17.100000,-1.800000
2024-11-27,4.260000,4.438000,17.800000,0.700000
2024-11-29,4.177000,4.365000,18.800000,1.000000
2024-12-02,4.195000,4.369000,17.400000,-1.400000
2024-12-03,4.226000,4.404000,17.800000,0.400000
2024-12-04,4.183000,4.349000,16.600000,-1.200000
2024-12-05,4.177000,4.334000,15.700000,-0.900000
2024-12-06,4.148000,4.333000,18.500000,2.800000
2024-12-09,4.200000,4.387000,18.700000,0.200000
2024-12-10,4.227000,4.418000,19.100000,0.400000
2024-12-11,4.274000,4.483000,20.900000,1.800000
2024-12-12,4.335000,4.553000,21.800000,0.900000
2024-12-13,4.394000,4.600000,20.600000,-1.200000
2024-12-16,4.402000,4.604000,20.200000,-0.400000
2024-12-17,4.394000,4.585000,19.100000,-1.100000
2024-12-18,4.518000,4.680000,16.200000,-2.900000
2024-12-19,4.565000,4.738000,17.300000,1.100000
2024-12-20,4.529000,4.722000,19.300000,2.000000
2024-12-23,4.588000,4.777000,18.900000,-0.400000
2024-12-24,4.590000,4.764000,17.400000,-1.500000
2024-12-26,4.584000,4.773000,18.900000,1.500000
2024-12-27,4.629000,4.821000,19.200000,0.300000
2024-12-30,4.532000,4.750000,21.800000,2.600000
2024-12-31,4.572000,4.785000,21.300000,-0.500000
2025-01-02,4.561000,4.781000,22.000000,0.700000
2025-01-03,4.601000,4.814000,21.300000,-0.700000
2025-01-06,4.623000,4.849000,22.600000,1.300000
2025-01-07,4.684000,4.913000,22.900000,0.300000
2025-01-08,4.692000,4.932000,24.000000,1.100000
2025-01-09,4.688000,4.930000,24.200000,0.200000
2025-01-10,4.762000,4.949000,18.700000,-5.500000
2025-01-13,4.789000,4.968000,17.900000,-0.800000
2025-01-14,4.792000,4.977000,18.500000,0.600000
2025-01-15,4.654000,4.878000,22.400000,3.900000
2025-01-16,4.611000,4.854000,24.300000,1.900000
2025-01-17,4.622000,4.854000,23.200000,-1.100000
2025-01-21,4.572000,4.805000,23.300000,0.100000
2025-01-22,4.612000,4.826000,21.400000,-1.900000
2025-01-23,4.645000,4.871000,22.600000,1.200000
2025-01-24,4.616000,4.843000,22.700000,0.100000
2025-01-27,4.533000,4.770000,23.700000,1.000000
2025-01-28,4.533000,4.777000,24.400000,0.700000
2025-01-29,4.533000,4.774000,24.100000,-0.300000
2025-01-30,4.519000,4.763000,24.400000,0.300000
2025-01-31,4.542000,4.793000,25.100000,0.700000
2025-02-03,4.551000,4.783000,23.200000,-1.900000
2025-02-04,4.512000,4.746000,23.400000,0.200000
2025-02-05,4.423000,4.642000,21.900000,-1.500000
2025-02-06,4.435000,4.640000,20.500000,-1.400000
2025-02-07,4.494000,4.693000,19.900000,-0.600000
2025-02-10,4.500000,4.710000,21.000000,1.100000
2025-02-11,4.536000,4.750000,21.400000,0.400000
2025-02-12,4.625000,4.831000,20.600000,-0.800000
2025-02-13,4.532000,4.740000,20.800000,0.200000
2025-02-14,4.477000,4.698000,22.100000,1.300000
2025-02-18,4.551000,4.765000,21.400000,-0.700000
2025-02-19,4.534000,4.766000,23.200000,1.800000
2025-02-20,4.506000,4.747000,24.100000,0.900000
2025-02-21,4.430000,4.680000,25.000000,0.900000
2025-02-24,4.399000,4.655000,25.600000,0.600000
2025-02-25,4.297000,4.556000,25.900000,0.300000
2025-02-26,4.254000,4.508000,25.400000,-0.500000
2025-02-27,4.265000,4.537000,27.200000,1.800000
2025-02-28,4.202000,4.484000,28.200000,1.000000
2025-03-03,4.158000,4.452000,29.400000,1.200000
2025-03-04,4.241000,4.539000,29.800000,0.400000
2025-03-05,4.279000,4.571000,29.200000,-0.600000
2025-03-06,4.279000,4.579000,30.000000,0.800000
2025-03-07,4.304000,4.601000,29.700000,-0.300000
2025-03-10,4.218000,4.545000,32.700000,3.000000
2025-03-11,4.281000,4.596000,31.500000,-1.200000
2025-03-12,4.315000,4.634000,31.900000,0.400000
2025-03-13,4.269000,4.591000,32.200000,0.300000
2025-03-14,4.318000,4.625000,30.700000,-1.500000
2025-03-17,4.298000,4.591000,29.300000,-1.400000
2025-03-18,4.283000,4.587000,30.400000,1.100000
2025-03-19,4.246000,4.553000,30.700000,0.300000
2025-03-20,4.240000,4.559000,31.900000,1.200000
2025-03-21,4.249000,4.591000,34.200000,2.300000
2025-03-24,4.338000,4.666000,32.800000,-1.400000
2025-03-25,4.316000,4.662000,34.600000,1.800000
2025-03-26,4.353000,4.702000,34.900000,0.300000
2025-03-27,4.360000,4.720000,36.000000,1.100000
2025-03-28,4.251000,4.630000,37.900000,1.900000
2025-03-31,4.210000,4.577000,36.700000,-1.200000
2025-04-01,4.160000,4.518000,35.800000,-0.900000
2025-04-02,4.125000,4.495000,37.000000,1.200000
2025-04-03,4.036000,4.476000,44.000000,7.000000
2025-04-04,3.999000,4.416000,41.700000,-2.300000
2025-04-07,4.201000,4.631000,43.000000,1.300000
2025-04-08,4.289000,4.760000,47.100000,4.100000
2025-04-09,4.325000,4.732000,40.700000,-6.400000
2025-04-10,4.424000,4.869000,44.500000,3.800000
2025-04-11,4.495000,4.875000,38.000000,-6.500000
2025-04-14,4.383000,4.812000,42.900000,4.900000
2025-04-15,4.339000,4.786000,44.700000,1.800000
2025-04-16,4.280000,4.741000,46.100000,1.400000
2025-04-17,4.332000,4.808000,47.600000,1.500000
2025-04-21,4.416000,4.906000,49.000000,1.400000
2025-04-22,4.400000,4.880000,48.000000,-1.000000
2025-04-23,4.384000,4.825000,44.100000,-3.900000
2025-04-24,4.314000,4.774000,46.000000,1.900000
2025-04-25,4.254000,4.720000,46.600000,0.600000
2025-04-28,4.205000,4.681000,47.600000,1.000000
2025-04-29,4.171000,4.647000,47.600000,0.000000
2025-04-30,4.167000,4.684000,51.700000,4.100000
2025-05-01,4.215000,4.720000,50.500000,-1.200000
2025-05-02,4.307000,4.788000,48.100000,-2.400000
2025-05-05,4.348000,4.837000,48.900000,0.800000
2025-05-06,4.298000,4.800000,50.200000,1.300000
2025-05-07,4.268000,4.770000,50.200000,0.000000
2025-05-08,4.379000,4.845000,46.600000,-3.600000
2025-05-09,4.381000,4.835000,45.400000,-1.200000
2025-05-12,4.472000,4.904000,43.200000,-2.200000
2025-05-13,4.470000,4.909000,43.900000,0.700000
2025-05-14,4.541000,4.975000,43.400000,-0.500000
2025-05-15,4.431000,4.891000,46.000000,2.600000
2025-05-16,4.443000,4.903000,46.000000,0.000000
2025-05-19,4.447000,4.905000,45.800000,-0.200000
2025-05-20,4.483000,4.963000,48.000000,2.200000
2025-05-21,4.595000,5.084000,48.900000,0.900000
2025-05-22,4.528000,5.039000,51.100000,2.200000
2025-05-23,4.507000,5.030000,52.300000,1.200000
2025-05-26,4.511000,5.031000,52.000000,-0.300000
2025-05-27,4.445000,4.949000,50.400000,-1.600000
2025-05-28,4.474000,4.972000,49.800000,-0.600000
2025-05-29,4.425000,4.924000,49.900000,0.100000
2025-05-30,4.397000,4.923000,52.600000,2.700000
2025-06-02,4.441000,4.965000,52.400000,-0.200000
2025-06-03,4.457000,4.983000,52.600000,0.200000
2025-06-04,4.356000,4.880000,52.400000,-0.200000
2025-06-05,4.389000,4.880000,49.100000,-3.300000
2025-06-06,4.505000,4.964000,45.900000,-3.200000
2025-06-09,4.475000,4.940000,46.500000,0.600000
2025-06-10,4.473000,4.931000,45.800000,-0.700000
2025-06-11,4.419000,4.914000,49.500000,3.700000
2025-06-12,4.364000,4.844000,48.000000,-1.500000
2025-06-13,4.406000,4.899000,49.300000,1.300000
2025-06-16,4.448000,4.959000,51.100000,1.800000
2025-06-17,4.386000,4.890000,50.400000,-0.700000
2025-06-18,4.390000,4.890000,50.000000,-0.400000
2025-06-19,4.385000,4.887000,50.200000,0.200000
2025-06-20,4.376000,4.889000,51.300000,1.100000
2025-06-23,4.341000,4.872000,53.100000,1.800000
2025-06-24,4.294000,4.835000,54.100000,1.000000
2025-06-25,4.290000,4.831000,54.100000,0.000000
2025-06-26,4.245000,4.802000,55.700000,1.600000
2025-06-27,4.274000,4.832000,55.800000,0.100000
2025-06-30,4.231000,4.778000,54.700000,-1.100000
2025-07-01,4.241000,4.762000,52.100000,-2.600000
2025-07-02,4.282000,4.804000,52.200000,0.100000
2025-07-03,4.346000,4.861000,51.500000,-0.700000
2025-07-07,4.382000,4.916000,53.400000,1.900000
2025-07-08,4.417000,4.946000,52.900000,-0.500000
2025-07-09,4.342000,4.875000,53.300000,0.400000
2025-07-10,4.346000,4.862000,51.600000,-1.700000
2025-07-11,4.423000,4.957000,53.400000,1.800000
2025-07-14,4.427000,4.973000,54.600000,1.200000
2025-07-15,4.489000,5.018000,52.900000,-1.700000
2025-07-16,4.455000,5.015000,56.000000,3.100000
2025-07-17,4.463000,5.014000,55.100000,-0.900000
2025-07-18,4.431000,4.999000,56.800000,1.700000
2025-07-21,4.370000,4.937000,56.700000,-0.100000
2025-07-22,4.336000,4.903000,56.700000,-0.000000
2025-07-23,4.388000,4.949000,56.100000,-0.600000
2025-07-24,4.408000,4.949000,54.100000,-2.000000
2025-07-25,4.386000,4.929000,54.300000,0.200000
2025-07-28,4.420000,4.965000,54.500000,0.200000
2025-07-29,4.328000,4.868000,54.000000,-0.500000
2025-07-30,4.378000,4.913000,53.500000,-0.500000
2025-07-31,4.360000,4.885000,52.500000,-1.000000
2025-08-01,4.220000,4.807000,58.700000,6.200000
2025-08-04,4.198000,4.795000,59.700000,1.000000
2025-08-05,4.196000,4.769000,57.300000,-2.400000
2025-08-06,4.218000,4.811000,59.300000,2.000000
2025-08-07,4.244000,4.816000,57.200000,-2.100000
2025-08-08,4.283000,4.854000,57.100000,-0.100000
2025-08-11,4.273000,4.841000,56.800000,-0.300000
2025-08-12,4.293000,4.885000,59.200000,2.400000
2025-08-13,4.240000,4.828000,58.800000,-0.400000
2025-08-14,4.293000,4.883000,59.000000,0.200000
2025-08-15,4.328000,4.925000,59.700000,0.700000
2025-08-18,4.339000,4.942000,60.300000,0.600000
2025-08-19,4.302000,4.902000,60.000000,-0.300000
2025-08-20,4.296000,4.904000,60.800000,0.800000
2025-08-21,4.332000,4.924000,59.200000,-1.600000
2025-08-22,4.258000,4.883000,62.500000,3.300000
2025-08-25,4.275000,4.889000,61.400000,-1.100000
2025-08-26,4.256000,4.908000,65.200000,3.800000
2025-08-27,4.238000,4.913000,67.500000,2.300000
2025-08-28,4.207000,4.872000,66.500000,-1.000000
2025-08-29,4.226000,4.918000,69.200000,2.700000
2025-09-01,4.253000,4.959000,70.600000,1.400000
2025-09-02,4.277000,4.971000,69.400000,-1.200000
2025-09-03,4.211000,4.892000,68.100000,-1.300000
2025-09-04,4.176000,4.873000,69.700000,1.600000
2025-09-05,4.086000,4.774000,68.800000,-0.900000
2025-09-08,4.046000,4.690000,64.400000,-4.400000
2025-09-09,4.074000,4.717000,64.300000,-0.100000
2025-09-10,4.032000,4.677000,64.500000,0.200000
2025-09-11,4.011000,4.651000,64.000000,-0.500000
2025-09-12,4.060000,4.679000,61.900000,-2.100000
2025-09-15,4.034000,4.655000,62.100000,0.200000
2025-09-16,4.026000,4.646000,62.000000,-0.100000
2025-09-17,4.076000,4.674000,59.800000,-2.200000
2025-09-18,4.104000,4.720000,61.600000,1.800000
2025-09-19,4.139000,4.756000,61.700000,0.100000
2025-09-22,4.145000,4.761000,61.600000,-0.100000
2025-09-23,4.118000,4.737000,61.900000,0.300000
2025-09-24,4.147000,4.758000,61.100000,-0.800000
2025-09-25,4.174000,4.753000,57.900000,-3.200000
2025-09-26,4.187000,4.765000,57.800000,-0.100000
2025-09-29,4.141000,4.704000,56.300000,-1.500000
2025-09-30,4.150000,4.733000,58.300000,2.000000
2025-10-01,4.106000,4.715000,60.900000,2.600000
2025-10-02,4.090000,4.697000,60.700000,-0.200000
2025-10-03,4.119000,4.714000,59.500000,-1.200000
2025-10-06,4.162000,4.758000,59.600000,0.100000
2025-10-07,4.127000,4.726000,59.900000,0.300000
2025-10-08,4.131000,4.724000,59.300000,-0.600000
2025-10-09,4.148000,4.733000,58.500000,-0.800000
2025-10-10,4.051000,4.634000,58.300000,-0.200000
2025-10-13,4.055000,4.638000,58.300000,0.000000
2025-10-14,4.022000,4.624000,60.200000,1.900000
2025-10-15,4.045000,4.639000,59.400000,-0.800000
2025-10-16,3.976000,4.583000,60.700000,1.300000
2025-10-17,4.009000,4.603000,59.400000,-1.300000
2025-10-20,3.988000,4.579000,59.100000,-0.300000
2025-10-21,3.963000,4.548000,58.500000,-0.600000
2025-10-22,3.953000,4.539000,58.600000,0.100000
2025-10-23,3.989000,4.571000,58.200000,-0.400000
2025-10-24,3.997000,4.586000,58.900000,0.700000
2025-10-27,3.997000,4.569000,57.200000,-1.700000
2025-10-28,3.983000,4.547000,56.400000,-0.800000
2025-10-29,4.058000,4.599000,54.100000,-2.300000
2025-10-30,4.093000,4.648000,55.500000,1.400000
2025-10-31,4.101000,4.669000,56.800000,1.300000
2025-11-03,4.107000,4.690000,58.300000,1.500000
2025-11-04,4.091000,4.671000,58.000000,-0.300000
2025-11-05,4.157000,4.736000,57.900000,-0.100000
2025-11-06,4.093000,4.687000,59.400000,1.500000
2025-11-07,4.093000,4.701000,60.800000,1.400000
2025-11-10,4.110000,4.702000,59.200000,-1.600000
2025-11-11,4.069000,4.673000,60.400000,1.200000
2025-11-12,4.067000,4.662000,59.500000,-0.900000
2025-11-13,4.111000,4.702000,59.100000,-0.400000
2025-11-14,4.148000,4.746000,59.800000,0.700000
2025-11-17,4.133000,4.736000,60.300000,0.500000
2025-11-18,4.121000,4.741000,62.000000,1.700000
2025-11-19,4.131000,4.752000,62.100000,0.100000
2025-11-20,4.104000,4.732000,62.800000,0.700000
2025-11-21,4.063000,4.715000,65.200000,2.400000
2025-11-24,4.036000,4.677000,64.100000,-1.100000
2025-11-25,4.002000,4.658000,65.600000,1.500000
2025-11-26,3.998000,4.644000,64.600000,-1.000000
2025-11-27,4.005000,4.651000,64.600000,0.000000
2025-11-28,4.019000,4.671000,65.200000,0.600000
2025-12-01,4.096000,4.743000,64.700000,-0.500000
2025-12-02,4.088000,4.741000,65.300000,0.600000
2025-12-03,4.058000,4.725000,66.700000,1.400000
2025-12-04,4.108000,4.764000,65.600000,-1.100000
2025-12-05,4.139000,4.792000,65.300000,-0.300000
2025-12-08,4.172000,4.816000,64.400000,-0.900000
2025-12-09,4.186000,4.809000,62.300000,-2.100000
2025-12-10,4.164000,4.796000,63.200000,0.900000
2025-12-11,4.141000,4.790000,64.900000,1.700000
2025-12-12,4.196000,4.858000,66.200000,1.300000
2025-12-15,4.182000,4.852000,67.000000,0.800000
2025-12-16,4.149000,4.823000,67.400000,0.400000
2025-12-17,4.151000,4.828000,67.700000,0.300000
2025-12-18,4.116000,4.800000,68.400000,0.700000
2025-12-19,4.151000,4.828000,67.700000,-0.700000
2025-12-22,4.171000,4.843000,67.200000,-0.500000
2025-12-23,4.169000,4.831000,66.200000,-1.000000
2025-12-24,4.134000,4.795000,66.100000,-0.100000
2025-12-25,4.133000,4.798000,66.500000,0.400000
2025-12-26,4.134000,4.819000,68.500000,2.000000
2025-12-29,4.116000,4.804000,68.800000,0.300000
2025-12-30,4.128000,4.813000,68.500000,-0.300000
2025-12-31,4.153000,4.830000,67.700000,-0.800000
2026-01-01,4.175000,4.840000,66.500000,-1.200000
2026-01-02,4.189000,4.864000,67.500000,1.000000
2026-01-05,4.163000,4.854000,69.100000,1.600000
2026-01-06,4.179000,4.866000,68.700000,-0.400000
2026-01-07,4.138000,4.815000,67.700000,-1.000000
2026-01-08,4.183000,4.858000,67.500000,-0.200000
2026-01-09,4.171000,4.819000,64.800000,-2.700000
2026-01-12,4.187000,4.840000,65.300000,0.500000
2026-01-13,4.171000,4.828000,65.700000,0.400000
2026-01-14,4.140000,4.795000,65.500000,-0.200000
2026-01-15,4.160000,4.786000,62.600000,-2.900000
2026-01-16,4.231000,4.840000,60.900000,-1.700000
2026-01-19,4.263000,4.880000,61.700000,0.800000
2026-01-20,4.295000,4.921000,62.600000,0.900000
2026-01-21,4.253000,4.870000,61.700000,-0.900000
2026-01-22,4.251000,4.849000,59.800000,-1.900000
2026-01-23,4.239000,4.832000,59.300000,-0.500000
2026-01-26,4.211000,4.805000,59.400000,0.100000
2026-01-27,4.223000,4.834000,61.100000,1.700000
2026-01-28,4.251000,4.859000,60.800000,-0.300000
2026-01-29,4.227000,4.854000,62.700000,1.900000
2026-01-30,4.241000,4.872000,63.100000,0.400000
2026-02-02,4.277000,4.909000,63.200000,0.100000
2026-02-03,4.273000,4.906000,63.300000,0.100000
2026-02-04,4.278000,4.915000,63.700000,0.400000
2026-02-05,4.210000,4.863000,65.300000,1.600000
2026-02-06,4.206000,4.855000,64.900000,-0.400000
2026-02-09,4.198000,4.849000,65.100000,0.200000
2026-02-10,4.145000,4.788000,64.300000,-0.800000
2026-02-11,4.172000,4.814000,64.200000,-0.100000
2026-02-12,4.104000,4.731000,62.700000,-1.500000
2026-02-13,4.056000,4.699000,64.300000,1.600000
2026-02-16,4.042000,4.688000,64.600000,0.300000
2026-02-17,4.054000,4.683000,62.900000,-1.700000
2026-02-18,4.081000,4.707000,62.600000,-0.300000
2026-02-19,4.075000,4.704000,62.900000,0.300000
2026-02-20,4.085000,4.725000,64.000000,1.100000
2026-02-23,4.027000,4.695000,66.800000,2.800000
2026-02-24,4.033000,4.689000,65.600000,-1.200000
2026-02-25,4.048000,4.694000,64.600000,-1.000000
2026-02-26,4.017000,4.669000,65.200000,0.600000
2026-02-27,3.962000,4.633000,67.100000,1.900000
2026-03-02,4.052000,4.699000,64.700000,-2.400000
2026-03-03,4.057000,4.703000,64.600000,-0.100000
2026-03-04,4.082000,4.717000,63.500000,-1.100000
2026-03-05,4.146000,4.753000,60.700000,-2.800000
2026-03-06,4.132000,4.756000,62.400000,1.700000
2026-03-09,4.134000,4.739000,60.500000,-1.900000
2026-03-10,4.136000,4.772000,63.600000,3.100000
2026-03-11,4.206000,4.856000,65.000000,1.400000
2026-03-12,4.273000,4.885000,61.200000,-3.800000
2026-03-13,4.285000,4.908000,62.300000,1.100000
2026-03-16,4.220000,4.858000,63.800000,1.500000
2026-03-17,4.202000,4.853000,65.100000,1.300000
2026-03-18,4.257000,4.881000,62.400000,-2.700000
2026-03-19,4.283000,4.853000,57.000000,-5.400000
2026-03-20,4.392000,4.960000,56.800000,-0.200000
2026-03-23,4.336000,4.912000,57.600000,0.800000
2026-03-24,4.392000,4.940000,54.800000,-2.800000
2026-03-25,4.328000,4.897000,56.900000,2.100000
2026-03-26,4.416000,4.936000,52.000000,-4.900000
2026-03-27,4.440000,4.982000,54.200000,2.200000
2026-03-30,4.342000,4.906000,56.400000,2.200000
2026-03-31,4.311000,4.892000,58.100000,1.700000
2026-04-01,4.321000,4.902000,58.100000,0.000000
2026-04-02,4.313000,4.890000,57.700000,-0.400000
2026-04-03,4.346000,4.906000,56.000000,-1.700000
2026-04-06,4.335000,4.890000,55.500000,-0.500000
2026-04-07,4.343000,4.921000,57.800000,2.300000
2026-04-08,4.291000,4.886000,59.500000,1.700000
2026-04-09,4.293000,4.898000,60.500000,1.000000
2026-04-10,4.317000,4.914000,59.700000,-0.800000
2026-04-13,4.297000,4.900000,60.300000,0.600000
2026-04-14,4.256000,4.869000,61.300000,1.000000
2026-04-15,4.279000,4.891000,61.200000,-0.100000
2026-04-16,4.309000,4.930000,62.100000,0.900000
2026-04-17,4.244000,4.885000,64.100000,2.000000
2026-04-20,4.250000,4.881000,63.100000,-1.000000
2026-04-21,4.292000,4.898000,60.600000,-2.500000
2026-04-22,4.294000,4.902000,60.800000,0.200000
2026-04-23,4.323000,4.918000,59.500000,-1.300000
2026-04-24,4.310000,4.916000,60.600000,1.100000
2026-04-27,4.336000,4.942000,60.600000,-0.000000
2026-04-28,4.354000,4.944000,59.000000,-1.600000
2026-04-29,4.416000,4.986000,57.000000,-2.000000
2026-04-30,4.390000,4.986000,59.600000,2.600000
2026-05-01,4.378000,4.966000,58.800000,-0.800000
2026-05-04,4.446000,5.025000,57.900000,-0.900000
2026-05-05,4.416000,4.982000,56.600000,-1.300000
2026-05-06,4.354000,4.943000,58.900000,2.300000
2026-05-07,4.394000,4.969000,57.500000,-1.400000
2026-05-08,4.364000,4.947000,58.300000,0.800000
2026-05-11,4.412000,4.987000,57.500000,-0.800000
2026-05-12,4.463000,5.029000,56.600000,-0.900000
2026-05-13,4.479000,5.046000,56.700000,0.100000
2026-05-14,4.459000,5.013000,55.400000,-1.300000
2026-05-15,4.595000,5.128000,53.300000,-2.100000
2026-05-18,4.623000,5.147000,52.400000,-0.900000
2026-05-19,4.669000,5.181000,51.200000,-1.200000
2026-05-20,4.570000,5.115000,54.500000,3.300000
2026-05-21,4.584000,5.111000,52.700000,-1.800000
2026-05-22,4.572000,5.082000,51.000000,-1.700000
2026-05-25,4.488000,5.015000,52.700000,1.700000
2026-05-26,4.491000,5.025000,53.400000,0.700000
2026-05-27,4.481000,5.011000,53.000000,-0.400000
2026-05-28,4.455000,4.985000,53.000000,0.000000
2026-05-29,4.453000,4.993000,54.000000,1.000000
2026-06-01,4.477000,4.991000,51.400000,-2.600000
2026-06-02,4.455000,4.967000,51.200000,-0.200000
2026-06-03,4.491000,4.990000,49.900000,-1.300000
2026-06-04,4.477000,4.978000,50.100000,0.200000
2026-06-05,4.536000,4.999000,46.300000,-3.800000
2026-06-08,4.550000,5.024000,47.400000,1.100000
2026-06-09,4.528000,5.011000,48.300000,0.900000
2026-06-10,4.540000,5.025000,48.500000,0.200000
2026-06-11,4.465000,4.952000,48.700000,0.200000
2026-06-12,4.485000,4.973000,48.800000,0.100000
2026-06-15,4.469000,4.970000,50.100000,1.300000
2026-06-16,4.428000,4.929000,50.100000,0.000000
2026-06-17,4.463000,4.927000,46.400000,-3.700000
2026-06-18,4.451000,4.901000,45.000000,-1.400000
2026-06-22,4.507000,4.945000,43.800000,-1.200000
2026-06-23,4.493000,4.942000,44.900000,1.100000
2026-06-24,4.400000,4.856000,45.600000,0.700000
2026-06-25,4.392000,4.859000,46.700000,1.100000
2026-06-26,4.372000,4.865000,49.300000,2.600000
2026-06-29,4.374000,4.860000,48.600000,-0.700000
2026-06-30,4.422000,4.903000,48.100000,-0.500000
2026-07-01,4.475000,4.966000,49.100000,1.000000
2026-07-02,4.469000,4.981000,51.200000,2.100000
2026-07-06,4.469000,4.994000,52.500000,1.300000
2026-07-07,4.557000,5.043000,48.600000,-3.900000
2026-07-08,4.584000,5.064000,48.000000,-0.600000
2026-07-09,4.554000,5.053000,49.900000,1.900000
2026-07-10,4.560000,5.071000,51.100000,1.200000
2026-07-13,4.618000,5.098000,48.000000,-3.100000
2026-07-14,4.582000,5.094000,51.200000,3.200000
2026-07-15,4.549000,5.083000,53.400000,2.200000
2026-07-16,4.569000,5.097000,52.800000,-0.600000
2026-07-17,4.541000,5.064000,52.300000,-0.500000
2026-07-20,4.598000,5.118000,52.000000,-0.300000
2026-07-21,4.628000,5.131000,50.300000,-1.700000
2026-07-22,4.657000,5.147000,49.000000,-1.300000
2026-07-23,4.703000,5.171000,46.800000,-2.200000
2026-07-24,4.679000,5.162000,48.300000,1.500000
2026-07-27,4.641000,5.125000,48.400000,0.100000
2026-07-28,4.604000,5.096000,49.200000,0.800000
2026-07-29,4.622000,5.143000,52.100000,2.900000
