date,y5,y30,s5s30s,d_5s30s_bp
2016-01-04,1.732000,2.986000,125.400000,
2016-01-05,1.716000,2.999000,128.300000,2.900000
2016-01-06,1.643000,2.937000,129.400000,1.100000
2016-01-07,1.603000,2.929000,132.600000,3.200000
2016-01-08,1.560000,2.909000,134.900000,2.300000
2016-01-11,1.594000,2.969000,137.500000,2.600000
2016-01-12,1.542000,2.881000,133.900000,-3.600000
2016-01-13,1.527000,2.878000,135.100000,1.200000
2016-01-14,1.510000,2.890000,138.000000,2.900000
2016-01-15,1.456000,2.818000,136.200000,-1.800000
2016-01-18,1.459000,2.828000,136.900000,0.700000
2016-01-19,1.484000,2.829000,134.500000,-2.400000
2016-01-20,1.420000,2.758000,133.800000,-0.700000
2016-01-21,1.441000,2.809000,136.800000,3.000000
2016-01-22,1.484000,2.828000,134.400000,-2.400000
2016-01-25,1.442000,2.790000,134.800000,0.400000
2016-01-26,1.435000,2.788000,135.300000,0.500000
2016-01-27,1.415000,2.801000,138.600000,3.300000
2016-01-28,1.401000,2.788000,138.700000,0.100000
2016-01-29,1.330000,2.747000,141.700000,3.000000
2016-02-01,1.367000,2.764000,139.700000,-2.000000
2016-02-02,1.275000,2.661000,138.600000,-1.100000
2016-02-03,1.271000,2.710000,143.900000,5.300000
2016-02-04,1.234000,2.679000,144.500000,0.600000
2016-02-05,1.247000,2.673000,142.600000,-1.900000
2016-02-08,1.163000,2.576000,141.300000,-1.300000
2016-02-09,1.156000,2.553000,139.700000,-1.600000
2016-02-10,1.125000,2.492000,136.700000,-3.000000
2016-02-11,1.137000,2.510000,137.300000,0.600000
2016-02-12,1.206000,2.602000,139.600000,2.300000
2016-02-15,1.233000,2.628000,139.500000,-0.100000
2016-02-16,1.220000,2.649000,142.900000,3.400000
2016-02-17,1.262000,2.682000,142.000000,-0.900000
2016-02-18,1.197000,2.612000,141.500000,-0.500000
2016-02-19,1.221000,2.606000,138.500000,-3.000000
2016-02-22,1.236000,2.606000,137.000000,-1.500000
2016-02-23,1.193000,2.569000,137.600000,0.600000
2016-02-24,1.223000,2.609000,138.600000,1.000000
2016-02-25,1.167000,2.596000,142.900000,4.300000
2016-02-26,1.240000,2.640000,140.000000,-2.900000
2016-02-29,1.217000,2.616000,139.900000,-0.100000
2016-03-01,1.316000,2.695000,137.900000,-2.000000
2016-03-02,1.336000,2.678000,134.200000,-3.700000
2016-03-03,1.343000,2.658000,131.500000,-2.700000
2016-03-04,1.376000,2.696000,132.000000,0.500000
2016-03-07,1.414000,2.707000,129.300000,-2.700000
2016-03-08,1.343000,2.635000,129.200000,-0.100000
2016-03-09,1.384000,2.666000,128.200000,-1.000000
2016-03-10,1.449000,2.699000,125.000000,-3.200000
2016-03-11,1.489000,2.749000,126.000000,1.000000
2016-03-14,1.481000,2.732000,125.100000,-0.900000
2016-03-15,1.493000,2.730000,123.700000,-1.400000
2016-03-16,1.385000,2.711000,132.600000,8.900000
2016-03-17,1.374000,2.688000,131.400000,-1.200000
2016-03-18,1.335000,2.680000,134.500000,3.100000
2016-03-21,1.378000,2.718000,134.000000,-0.500000
2016-03-22,1.416000,2.723000,130.700000,-3.300000
2016-03-23,1.357000,2.657000,130.000000,-0.700000
2016-03-24,1.378000,2.672000,129.400000,-0.600000
2016-03-28,1.364000,2.651000,128.700000,-0.700000
2016-03-29,1.268000,2.600000,133.200000,4.500000
2016-03-30,1.263000,2.656000,139.300000,6.100000
2016-03-31,1.206000,2.612000,140.600000,1.300000
2016-04-01,1.224000,2.601000,137.700000,-2.900000
2016-04-04,1.206000,2.596000,139.000000,1.300000
2016-04-05,1.172000,2.543000,137.100000,-1.900000
2016-04-06,1.203000,2.586000,138.300000,1.200000
2016-04-07,1.133000,2.513000,138.000000,-0.300000
2016-04-08,1.153000,2.550000,139.700000,1.700000
2016-04-11,1.158000,2.556000,139.800000,0.100000
2016-04-12,1.211000,2.598000,138.700000,-1.100000
2016-04-13,1.216000,2.584000,136.800000,-1.900000
2016-04-14,1.252000,2.603000,135.100000,-1.700000
2016-04-15,1.212000,2.561000,134.900000,-0.200000
2016-04-18,1.229000,2.581000,135.200000,0.300000
2016-04-19,1.255000,2.596000,134.100000,-1.100000
2016-04-20,1.312000,2.655000,134.300000,0.200000
2016-04-21,1.332000,2.685000,135.300000,1.000000
2016-04-22,1.360000,2.710000,135.000000,-0.300000
2016-04-25,1.378000,2.737000,135.900000,0.900000
2016-04-26,1.393000,2.754000,136.100000,0.200000
2016-04-27,1.320000,2.701000,138.100000,2.000000
2016-04-28,1.289000,2.682000,139.300000,1.200000
2016-04-29,1.294000,2.680000,138.600000,-0.700000
2016-05-02,1.321000,2.724000,140.300000,1.700000
2016-05-03,1.252000,2.655000,140.300000,-0.000000
2016-05-04,1.234000,2.633000,139.900000,-0.400000
2016-05-05,1.198000,2.598000,140.000000,0.100000
2016-05-06,1.230000,2.628000,139.800000,-0.200000
2016-05-09,1.195000,2.611000,141.600000,1.800000
2016-05-10,1.203000,2.606000,140.300000,-1.300000
2016-05-11,1.201000,2.577000,137.600000,-2.700000
2016-05-12,1.235000,2.594000,135.900000,-1.700000
2016-05-13,1.207000,2.549000,134.200000,-1.700000
2016-05-16,1.264000,2.598000,133.400000,-0.800000
2016-05-17,1.298000,2.600000,130.200000,-3.200000
2016-05-18,1.390000,2.665000,127.500000,-2.700000
2016-05-19,1.375000,2.637000,126.200000,-1.300000
2016-05-20,1.367000,2.631000,126.400000,0.200000
2016-05-23,1.370000,2.625000,125.500000,-0.900000
2016-05-24,1.406000,2.646000,124.000000,-1.500000
2016-05-25,1.408000,2.668000,126.000000,2.000000
2016-05-26,1.349000,2.641000,129.200000,3.200000
2016-05-27,1.386000,2.650000,126.400000,-2.800000
2016-05-30,1.404000,2.649000,124.500000,-1.900000
2016-05-31,1.380000,2.651000,127.100000,2.600000
2016-06-01,1.383000,2.618000,123.500000,-3.600000
2016-06-02,1.349000,2.578000,122.900000,-0.600000
2016-06-03,1.229000,2.513000,128.400000,5.500000
2016-06-06,1.253000,2.558000,130.500000,2.100000
2016-06-07,1.231000,2.539000,130.800000,0.300000
2016-06-08,1.232000,2.510000,127.800000,-3.000000
2016-06-09,1.217000,2.478000,126.100000,-1.700000
2016-06-10,1.169000,2.455000,128.600000,2.500000
2016-06-13,1.131000,2.426000,129.500000,0.900000
2016-06-14,1.138000,2.423000,128.500000,-1.000000
2016-06-15,1.075000,2.410000,133.500000,5.000000
2016-06-16,1.091000,2.396000,130.500000,-3.000000
2016-06-17,1.116000,2.421000,130.500000,-0.000000
2016-06-20,1.171000,2.487000,131.600000,1.100000
2016-06-21,1.200000,2.513000,131.300000,-0.300000
2016-06-22,1.198000,2.501000,130.300000,-1.000000
2016-06-23,1.259000,2.555000,129.600000,-0.700000
2016-06-24,1.075000,2.412000,133.700000,4.100000
2016-06-27,0.985000,2.274000,128.900000,-4.800000
2016-06-28,1.006000,2.272000,126.600000,-2.300000
2016-06-29,1.059000,2.320000,126.100000,-0.500000
2016-06-30,1.001000,2.289000,128.800000,2.700000
2016-07-01,1.004000,2.241000,123.700000,-5.100000
2016-07-04,0.993000,2.218000,122.500000,-1.200000
2016-07-05,0.940000,2.155000,121.500000,-1.000000
2016-07-06,0.951000,2.141000,119.000000,-2.500000
2016-07-07,0.961000,2.135000,117.400000,-1.600000
2016-07-08,0.948000,2.098000,115.000000,-2.400000
2016-07-11,1.021000,2.141000,112.000000,-3.000000
2016-07-12,1.083000,2.227000,114.400000,2.400000
2016-07-13,1.057000,2.171000,111.400000,-3.000000
2016-07-14,1.101000,2.254000,115.300000,3.900000
2016-07-15,1.112000,2.266000,115.400000,0.100000
2016-07-18,1.132000,2.294000,116.200000,0.800000
2016-07-19,1.114000,2.273000,115.900000,-0.300000
2016-07-20,1.135000,2.297000,116.200000,0.300000
2016-07-21,1.094000,2.290000,119.600000,3.400000
2016-07-22,1.118000,2.284000,116.600000,-3.000000
2016-07-25,1.141000,2.291000,115.000000,-1.600000
2016-07-26,1.135000,2.285000,115.000000,0.000000
2016-07-27,1.091000,2.217000,112.600000,-2.400000
2016-07-28,1.088000,2.234000,114.600000,2.000000
2016-07-29,1.022000,2.177000,115.500000,0.900000
2016-08-01,1.072000,2.264000,119.200000,3.700000
2016-08-02,1.086000,2.306000,122.000000,2.800000
2016-08-03,1.073000,2.298000,122.500000,0.500000
2016-08-04,1.030000,2.253000,122.300000,-0.200000
2016-08-05,1.136000,2.317000,118.100000,-4.200000
2016-08-06,1.136000,2.317000,118.100000,0.000000
2016-08-08,1.146000,2.306000,116.000000,-2.100000
2016-08-09,1.109000,2.264000,115.500000,-0.500000
2016-08-10,1.075000,2.232000,115.700000,0.200000
2016-08-11,1.144000,2.275000,113.100000,-2.600000
2016-08-12,1.096000,2.230000,113.400000,0.300000
2016-08-13,1.096000,2.230000,113.400000,0.000000
2016-08-15,1.135000,2.282000,114.700000,1.300000
2016-08-16,1.159000,2.295000,113.600000,-1.100000
2016-08-17,1.132000,2.259000,112.700000,-0.900000
2016-08-18,1.109000,2.258000,114.900000,2.200000
2016-08-19,1.166000,2.287000,112.100000,-2.800000
2016-08-22,1.136000,2.239000,110.300000,-1.800000
2016-08-23,1.135000,2.229000,109.400000,-0.900000
2016-08-24,1.145000,2.252000,110.700000,1.300000
2016-08-25,1.162000,2.267000,110.500000,-0.200000
2016-08-26,1.233000,2.287000,105.400000,-5.100000
2016-08-29,1.173000,2.216000,104.300000,-1.100000
2016-08-30,1.180000,2.232000,105.200000,0.900000
2016-08-31,1.194000,2.231000,103.700000,-1.500000
2016-09-01,1.180000,2.232000,105.200000,1.500000
2016-09-02,1.198000,2.282000,108.400000,3.200000
2016-09-05,1.201000,2.288000,108.700000,0.300000
2016-09-06,1.117000,2.228000,111.100000,2.400000
2016-09-07,1.122000,2.234000,111.200000,0.100000
2016-09-08,1.179000,2.307000,112.800000,1.600000
2016-09-09,1.222000,2.393000,117.100000,4.300000
2016-09-12,1.200000,2.392000,119.200000,2.100000
2016-09-13,1.247000,2.463000,121.600000,2.400000
2016-09-14,1.208000,2.449000,124.100000,2.500000
2016-09-15,1.184000,2.470000,128.600000,4.500000
2016-09-16,1.202000,2.445000,124.300000,-4.300000
2016-09-17,1.202000,2.445000,124.300000,0.000000
2016-09-19,1.216000,2.453000,123.700000,-0.600000
2016-09-20,1.202000,2.435000,123.300000,-0.400000
2016-09-21,1.189000,2.378000,118.900000,-4.400000
2016-09-22,1.167000,2.337000,117.000000,-1.900000
2016-09-23,1.159000,2.345000,118.600000,1.600000
2016-09-24,1.159000,2.345000,118.600000,0.000000
2016-09-26,1.120000,2.320000,120.000000,1.400000
2016-09-27,1.115000,2.280000,116.500000,-3.500000
2016-09-28,1.135000,2.289000,115.400000,-1.100000
2016-09-29,1.115000,2.277000,116.200000,0.800000
2016-09-30,1.149000,2.318000,116.900000,0.700000
2016-10-03,1.183000,2.345000,116.200000,-0.700000
2016-10-04,1.232000,2.414000,118.200000,2.000000
2016-10-05,1.247000,2.425000,117.800000,-0.400000
2016-10-06,1.281000,2.456000,117.500000,-0.300000
2016-10-07,1.260000,2.455000,119.500000,2.000000
2016-10-10,1.306000,2.497000,119.100000,-0.400000
2016-10-11,1.296000,2.504000,120.800000,1.700000
2016-10-12,1.294000,2.498000,120.400000,-0.400000
2016-10-13,1.262000,2.481000,121.900000,1.500000
2016-10-14,1.290000,2.563000,127.300000,5.400000
2016-10-15,1.290000,2.563000,127.300000,0.000000
2016-10-17,1.257000,2.525000,126.800000,-0.500000
2016-10-18,1.226000,2.505000,127.900000,1.100000
2016-10-19,1.231000,2.508000,127.700000,-0.200000
2016-10-20,1.251000,2.505000,125.400000,-2.300000
2016-10-21,1.243000,2.486000,124.300000,-1.100000
2016-10-24,1.274000,2.519000,124.500000,0.200000
2016-10-25,1.276000,2.501000,122.500000,-2.000000
2016-10-26,1.302000,2.540000,123.800000,1.300000
2016-10-27,1.342000,2.611000,126.900000,3.100000
2016-10-28,1.326000,2.616000,129.000000,2.100000
2016-10-31,1.305000,2.580000,127.500000,-1.500000
2016-11-01,1.294000,2.577000,128.300000,0.800000
2016-11-02,1.265000,2.565000,130.000000,1.700000
2016-11-03,1.261000,2.597000,133.600000,3.600000
2016-11-04,1.235000,2.562000,132.700000,-0.900000
2016-11-07,1.287000,2.601000,131.400000,-1.300000
2016-11-08,1.330000,2.617000,128.700000,-2.700000
2016-11-09,1.482000,2.858000,137.600000,8.900000
2016-11-10,1.549000,2.945000,139.600000,2.000000
2016-11-14,1.675000,3.001000,132.600000,-7.000000
2016-11-15,1.664000,2.966000,130.200000,-2.400000
2016-11-16,1.666000,2.915000,124.900000,-5.300000
2016-11-17,1.730000,3.006000,127.600000,2.700000
2016-11-18,1.792000,3.026000,123.400000,-4.200000
2016-11-21,1.766000,2.990000,122.400000,-1.000000
2016-11-22,1.778000,2.999000,122.100000,-0.300000
2016-11-23,1.837000,3.024000,118.700000,-3.400000
2016-11-24,1.867000,3.047000,118.000000,-0.700000
2016-11-25,1.837000,3.008000,117.100000,-0.900000
2016-11-28,1.791000,2.975000,118.400000,1.300000
2016-11-29,1.778000,2.947000,116.900000,-1.500000
2016-11-30,1.849000,3.044000,119.500000,2.600000
2016-12-01,1.905000,3.111000,120.600000,1.100000
2016-12-02,1.831000,3.071000,124.000000,3.400000
2016-12-05,1.852000,3.071000,121.900000,-2.100000
2016-12-06,1.836000,3.078000,124.200000,2.300000
2016-12-07,1.793000,3.026000,123.300000,-0.900000
2016-12-08,1.839000,3.104000,126.500000,3.200000
2016-12-09,1.887000,3.155000,126.800000,0.300000
2016-12-12,1.889000,3.155000,126.600000,-0.200000
2016-12-13,1.909000,3.132000,122.300000,-4.300000
2016-12-14,2.040000,3.179000,113.900000,-8.400000
2016-12-15,2.097000,3.165000,106.800000,-7.100000
2016-12-16,2.074000,3.182000,110.800000,4.000000
2016-12-19,2.025000,3.125000,110.000000,-0.800000
2016-12-20,2.040000,3.140000,110.000000,0.000000
2016-12-21,2.022000,3.112000,109.000000,-1.000000
2016-12-22,2.037000,3.127000,109.000000,-0.000000
2016-12-23,2.030000,3.116000,108.600000,-0.400000
2016-12-26,2.030000,3.116000,108.600000,0.000000
2016-12-27,2.055000,3.135000,108.000000,-0.600000
2016-12-28,2.001000,3.094000,109.300000,1.300000
2016-12-29,1.959000,3.079000,112.000000,2.700000
2016-12-30,1.934000,3.063000,112.900000,0.900000
2017-01-02,1.934000,3.063000,112.900000,0.000000
2017-01-03,1.942000,3.051000,110.900000,-2.000000
2017-01-04,1.932000,3.041000,110.900000,-0.000000
2017-01-05,1.845000,2.944000,109.900000,-1.000000
2017-01-06,1.926000,3.008000,108.200000,-1.700000
2017-01-09,1.878000,2.963000,108.500000,0.300000
2017-01-10,1.879000,2.968000,108.900000,0.400000
2017-01-11,1.881000,2.952000,107.100000,-1.800000
2017-01-12,1.864000,2.962000,109.800000,2.700000
2017-01-13,1.899000,2.990000,109.100000,-0.700000
2017-01-16,1.875000,2.974000,109.900000,0.800000
2017-01-17,1.823000,2.929000,110.600000,0.700000
2017-01-18,1.932000,3.020000,108.800000,-1.800000
2017-01-19,1.960000,3.045000,108.500000,-0.300000
2017-01-20,1.936000,3.049000,111.300000,2.800000
2017-01-23,1.867000,2.989000,112.200000,0.900000
2017-01-24,1.935000,3.050000,111.500000,-0.700000
2017-01-25,1.978000,3.101000,112.300000,0.800000
2017-01-26,1.971000,3.089000,111.800000,-0.500000
2017-01-27,1.947000,3.061000,111.400000,-0.400000
2017-01-30,1.951000,3.078000,112.700000,1.300000
2017-01-31,1.921000,3.070000,114.900000,2.200000
2017-02-01,1.934000,3.084000,115.000000,0.100000
2017-02-02,1.924000,3.087000,116.300000,1.300000
2017-02-03,1.911000,3.093000,118.200000,1.900000
2017-02-06,1.854000,3.058000,120.400000,2.200000
2017-02-07,1.850000,3.022000,117.200000,-3.200000
2017-02-08,1.804000,2.948000,114.400000,-2.800000
2017-02-09,1.868000,3.009000,114.100000,-0.300000
2017-02-10,1.887000,3.006000,111.900000,-2.200000
2017-02-13,1.915000,3.031000,111.600000,-0.300000
2017-02-14,1.966000,3.059000,109.300000,-2.300000
2017-02-15,1.995000,3.080000,108.500000,-0.800000
2017-02-16,1.936000,3.048000,111.200000,2.700000
2017-02-17,1.905000,3.026000,112.100000,0.900000
2017-02-20,1.921000,3.042000,112.100000,0.000000
2017-02-21,1.921000,3.041000,112.000000,-0.100000
2017-02-22,1.906000,3.034000,112.800000,0.800000
2017-02-23,1.862000,3.015000,115.300000,2.500000
2017-02-24,1.806000,2.953000,114.700000,-0.600000
2017-02-27,1.867000,2.984000,111.700000,-3.000000
2017-02-28,1.938000,2.998000,106.000000,-5.700000
2017-03-01,1.992000,3.062000,107.000000,1.000000
2017-03-02,2.019000,3.075000,105.600000,-1.400000
2017-03-03,2.012000,3.075000,106.300000,0.700000
2017-03-06,2.017000,3.101000,108.400000,2.100000
2017-03-07,2.051000,3.118000,106.700000,-1.700000
2017-03-08,2.091000,3.151000,106.000000,-0.700000
2017-03-09,2.138000,3.192000,105.400000,-0.600000
2017-03-10,2.098000,3.162000,106.400000,1.000000
2017-03-13,2.138000,3.212000,107.400000,1.000000
2017-03-14,2.130000,3.179000,104.900000,-2.500000
2017-03-15,2.006000,3.112000,110.600000,5.700000
2017-03-16,2.045000,3.147000,110.200000,-0.400000
2017-03-17,2.020000,3.110000,109.000000,-1.200000
2017-03-18,2.020000,3.110000,109.000000,0.000000
2017-03-20,1.987000,3.077000,109.000000,0.000000
2017-03-21,1.945000,3.033000,108.800000,-0.200000
2017-03-22,1.938000,3.017000,107.900000,-0.900000
2017-03-23,1.952000,3.030000,107.800000,-0.100000
2017-03-24,1.952000,3.017000,106.500000,-1.300000
2017-03-27,1.918000,2.983000,106.500000,0.000000
2017-03-28,1.965000,3.026000,106.100000,-0.400000
2017-03-29,1.928000,2.987000,105.900000,-0.200000
2017-03-30,1.966000,3.034000,106.800000,0.900000
2017-03-31,1.924000,3.012000,108.800000,2.000000
2017-04-03,1.854000,2.954000,110.000000,1.200000
2017-04-04,1.891000,3.003000,111.200000,1.200000
2017-04-05,1.855000,2.988000,113.300000,2.100000
2017-04-06,1.860000,2.986000,112.600000,-0.700000
2017-04-07,1.920000,3.009000,108.900000,-3.700000
2017-04-10,1.903000,2.990000,108.700000,-0.200000
2017-04-11,1.830000,2.930000,110.000000,1.300000
2017-04-12,1.774000,2.890000,111.600000,1.600000
2017-04-13,1.764000,2.888000,112.400000,0.800000
2017-04-17,1.774000,2.906000,113.200000,0.800000
2017-04-18,1.703000,2.838000,113.500000,0.300000
2017-04-19,1.742000,2.875000,113.300000,-0.200000
2017-04-20,1.767000,2.884000,111.700000,-1.600000
2017-04-21,1.770000,2.904000,113.400000,1.700000
2017-04-22,1.770000,2.904000,113.400000,0.000000
2017-04-24,1.802000,2.927000,112.500000,-0.900000
2017-04-25,1.855000,2.987000,113.200000,0.700000
2017-04-26,1.828000,2.961000,113.300000,0.100000
2017-04-27,1.824000,2.970000,114.600000,1.300000
2017-04-28,1.819000,2.958000,113.900000,-0.700000
2017-05-01,1.844000,3.004000,116.000000,2.100000
2017-05-02,1.809000,2.976000,116.700000,0.700000
2017-05-03,1.854000,2.969000,111.500000,-5.200000
2017-05-04,1.883000,2.998000,111.500000,0.000000
2017-05-05,1.880000,2.990000,111.000000,-0.500000
2017-05-08,1.913000,3.024000,111.100000,0.100000
2017-05-09,1.925000,3.026000,110.100000,-1.000000
2017-05-10,1.935000,3.036000,110.100000,0.000000
2017-05-11,1.920000,3.030000,111.000000,0.900000
2017-05-12,1.845000,2.986000,114.100000,3.100000
2017-05-15,1.862000,3.005000,114.300000,0.200000
2017-05-16,1.848000,2.992000,114.400000,0.100000
2017-05-17,1.751000,2.906000,115.500000,1.100000
2017-05-18,1.771000,2.900000,112.900000,-2.600000
2017-05-19,1.780000,2.897000,111.700000,-1.200000
2017-05-22,1.795000,2.912000,111.700000,0.000000
2017-05-23,1.827000,2.943000,111.600000,-0.100000
2017-05-24,1.783000,2.923000,114.000000,2.400000
2017-05-25,1.793000,2.920000,112.700000,-1.300000
2017-05-26,1.791000,2.916000,112.500000,-0.200000
2017-05-29,1.785000,2.906000,112.100000,-0.400000
2017-05-30,1.757000,2.877000,112.000000,-0.100000
2017-05-31,1.753000,2.866000,111.300000,-0.700000
2017-06-01,1.763000,2.864000,110.100000,-1.200000
2017-06-02,1.720000,2.810000,109.000000,-1.100000
2017-06-05,1.743000,2.839000,109.600000,0.600000
2017-06-06,1.712000,2.811000,109.900000,0.300000
2017-06-07,1.740000,2.840000,110.000000,0.100000
2017-06-08,1.752000,2.851000,109.900000,-0.100000
2017-06-09,1.766000,2.856000,109.000000,-0.900000
2017-06-12,1.780000,2.869000,108.900000,-0.100000
2017-06-13,1.783000,2.865000,108.200000,-0.700000
2017-06-14,1.717000,2.769000,105.200000,-3.000000
2017-06-15,1.762000,2.787000,102.500000,-2.700000
2017-06-16,1.743000,2.775000,103.200000,0.700000
2017-06-19,1.791000,2.784000,99.300000,-3.900000
2017-06-20,1.760000,2.736000,97.600000,-1.700000
2017-06-21,1.775000,2.730000,95.500000,-2.100000
2017-06-22,1.760000,2.716000,95.600000,0.100000
2017-06-23,1.757000,2.715000,95.800000,0.200000
2017-06-26,1.757000,2.695000,93.800000,-2.000000
2017-06-27,1.811000,2.750000,93.900000,0.100000
2017-06-28,1.819000,2.779000,96.000000,2.100000
2017-06-29,1.850000,2.814000,96.400000,0.400000
2017-06-30,1.887000,2.834000,94.700000,-1.700000
2017-07-01,1.887000,2.834000,94.700000,0.000000
2017-07-03,1.932000,2.864000,93.200000,-1.500000
2017-07-04,1.920000,2.856000,93.600000,0.400000
2017-07-05,1.917000,2.849000,93.200000,-0.400000
2017-07-06,1.937000,2.902000,96.500000,3.300000
2017-07-07,1.947000,2.926000,97.900000,1.400000
2017-07-10,1.932000,2.925000,99.300000,1.400000
2017-07-11,1.916000,2.923000,100.700000,1.400000
2017-07-12,1.876000,2.886000,101.000000,0.300000
2017-07-13,1.894000,2.919000,102.500000,1.500000
2017-07-14,1.868000,2.920000,105.200000,2.700000
2017-07-17,1.858000,2.902000,104.400000,-0.800000
2017-07-18,1.815000,2.849000,103.400000,-1.000000
2017-07-19,1.826000,2.851000,102.500000,-0.900000
2017-07-20,1.816000,2.824000,100.800000,-1.700000
2017-07-21,1.803000,2.809000,100.600000,-0.200000
2017-07-24,1.823000,2.835000,101.200000,0.600000
2017-07-25,1.888000,2.913000,102.500000,1.300000
2017-07-26,1.835000,2.896000,106.100000,3.600000
2017-07-27,1.857000,2.932000,107.500000,1.400000
2017-07-28,1.834000,2.895000,106.100000,-1.400000
2017-07-31,1.837000,2.901000,106.400000,0.300000
2017-08-01,1.801000,2.855000,105.400000,-1.000000
2017-08-02,1.826000,2.854000,102.800000,-2.600000
2017-08-03,1.785000,2.794000,100.900000,-1.900000
2017-08-04,1.817000,2.842000,102.500000,1.600000
2017-08-07,1.814000,2.837000,102.300000,-0.200000
2017-08-08,1.817000,2.844000,102.700000,0.400000
2017-08-09,1.807000,2.825000,101.800000,-0.900000
2017-08-10,1.774000,2.776000,100.200000,-1.600000
2017-08-11,1.745000,2.787000,104.200000,4.000000
2017-08-14,1.774000,2.813000,103.900000,-0.300000
2017-08-15,1.825000,2.847000,102.200000,-1.700000
2017-08-16,1.782000,2.807000,102.500000,0.300000
2017-08-17,1.749000,2.773000,102.400000,-0.100000
2017-08-18,1.764000,2.779000,101.500000,-0.900000
2017-08-21,1.751000,2.765000,101.400000,-0.100000
2017-08-22,1.787000,2.789000,100.200000,-1.200000
2017-08-23,1.745000,2.747000,100.200000,-0.000000
2017-08-24,1.777000,2.769000,99.200000,-1.000000
2017-08-25,1.760000,2.749000,98.900000,-0.300000
2017-08-28,1.740000,2.756000,101.600000,2.700000
2017-08-29,1.705000,2.739000,103.400000,1.800000
2017-08-30,1.720000,2.740000,102.000000,-1.400000
2017-08-31,1.705000,2.727000,102.200000,0.200000
2017-09-01,1.740000,2.775000,103.500000,1.300000
2017-09-05,1.645000,2.681000,103.600000,0.100000
2017-09-06,1.686000,2.724000,103.800000,0.200000
2017-09-07,1.627000,2.662000,103.500000,-0.300000
2017-09-08,1.637000,2.671000,103.400000,-0.100000
2017-09-11,1.714000,2.748000,103.400000,0.000000
2017-09-12,1.747000,2.772000,102.500000,-0.900000
2017-09-13,1.770000,2.790000,102.000000,-0.500000
2017-09-14,1.780000,2.768000,98.800000,-3.200000
2017-09-15,1.806000,2.769000,96.300000,-2.500000
2017-09-18,1.831000,2.803000,97.200000,0.900000
2017-09-19,1.836000,2.815000,97.900000,0.700000
2017-09-20,1.879000,2.811000,93.200000,-4.700000
2017-09-21,1.888000,2.805000,91.700000,-1.500000
2017-09-22,1.865000,2.785000,92.000000,0.300000
2017-09-25,1.838000,2.761000,92.300000,0.300000
2017-09-26,1.858000,2.774000,91.600000,-0.700000
2017-09-27,1.907000,2.863000,95.600000,4.000000
2017-09-28,1.893000,2.869000,97.600000,2.000000
2017-09-29,1.939000,2.866000,92.700000,-4.900000
2017-10-02,1.934000,2.871000,93.700000,1.000000
2017-10-03,1.918000,2.863000,94.500000,0.800000
2017-10-04,1.916000,2.865000,94.900000,0.400000
2017-10-05,1.946000,2.888000,94.200000,-0.700000
2017-10-06,1.958000,2.896000,93.800000,-0.400000
2017-10-09,1.961000,2.898000,93.700000,-0.100000
2017-10-10,1.953000,2.888000,93.500000,-0.200000
2017-10-11,1.958000,2.886000,92.800000,-0.700000
2017-10-12,1.941000,2.851000,91.000000,-1.800000
2017-10-13,1.900000,2.806000,90.600000,-0.400000
2017-10-16,1.951000,2.822000,87.100000,-3.500000
2017-10-17,1.961000,2.803000,84.200000,-2.900000
2017-10-18,1.993000,2.851000,85.800000,1.600000
2017-10-19,1.955000,2.837000,88.200000,2.400000
2017-10-20,2.019000,2.895000,87.600000,-0.600000
2017-10-23,2.002000,2.886000,88.400000,0.800000
2017-10-24,2.044000,2.936000,89.200000,0.800000
2017-10-25,2.049000,2.944000,89.500000,0.300000
2017-10-26,2.079000,2.972000,89.300000,-0.200000
2017-10-27,2.033000,2.925000,89.200000,-0.100000
2017-10-30,1.995000,2.883000,88.800000,-0.400000
2017-10-31,2.015000,2.875000,86.000000,-2.800000
2017-11-01,2.018000,2.856000,83.800000,-2.200000
2017-11-02,2.002000,2.827000,82.500000,-1.300000
2017-11-03,1.993000,2.812000,81.900000,-0.600000
2017-11-06,1.985000,2.797000,81.200000,-0.700000
2017-11-07,1.988000,2.779000,79.100000,-2.100000
2017-11-08,2.010000,2.791000,78.100000,-1.000000
2017-11-09,2.012000,2.814000,80.200000,2.100000
2017-11-10,2.055000,2.883000,82.800000,2.600000
2017-11-13,2.076000,2.874000,79.800000,-3.000000
2017-11-14,2.062000,2.832000,77.000000,-2.800000
2017-11-15,2.035000,2.769000,73.400000,-3.600000
2017-11-16,2.072000,2.824000,75.200000,1.800000
2017-11-17,2.055000,2.779000,72.400000,-2.800000
2017-11-20,2.093000,2.782000,68.900000,-3.500000
2017-11-21,2.100000,2.760000,66.000000,-2.900000
2017-11-22,2.043000,2.741000,69.800000,3.800000
2017-11-23,2.055000,2.741000,68.600000,-1.200000
2017-11-24,2.064000,2.761000,69.700000,1.100000
2017-11-27,2.050000,2.769000,71.900000,2.200000
2017-11-28,2.059000,2.756000,69.700000,-2.200000
2017-11-29,2.106000,2.824000,71.800000,2.100000
2017-11-30,2.142000,2.832000,69.000000,-2.800000
2017-12-01,2.119000,2.758000,63.900000,-5.100000
2017-12-04,2.143000,2.762000,61.900000,-2.000000
2017-12-05,2.145000,2.732000,58.700000,-3.200000
2017-12-06,2.126000,2.727000,60.100000,1.400000
2017-12-07,2.136000,2.759000,62.300000,2.200000
2017-12-08,2.141000,2.767000,62.600000,0.300000
2017-12-11,2.160000,2.777000,61.700000,-0.900000
2017-12-12,2.172000,2.775000,60.300000,-1.400000
2017-12-13,2.108000,2.730000,62.200000,1.900000
2017-12-14,2.138000,2.706000,56.800000,-5.400000
2017-12-15,2.152000,2.686000,53.400000,-3.400000
2017-12-16,2.152000,2.686000,53.400000,0.000000
2017-12-18,2.167000,2.740000,57.300000,3.900000
2017-12-19,2.220000,2.814000,59.400000,2.100000
2017-12-20,2.237000,2.877000,64.000000,4.600000
2017-12-21,2.243000,2.839000,59.600000,-4.400000
2017-12-22,2.251000,2.833000,58.200000,-1.400000
2017-12-25,2.252000,2.850000,59.800000,1.600000
2017-12-26,2.242000,2.822000,58.000000,-1.800000
2017-12-27,2.195000,2.748000,55.300000,-2.700000
2017-12-28,2.238000,2.758000,52.000000,-3.300000
2017-12-29,2.206000,2.739000,53.300000,1.300000
2018-01-01,2.206000,2.739000,53.300000,0.000000
2018-01-02,2.248000,2.809000,56.100000,2.800000
2018-01-03,2.243000,2.782000,53.900000,-2.200000
2018-01-04,2.268000,2.785000,51.700000,-2.200000
2018-01-05,2.285000,2.808000,52.300000,0.600000
2018-01-08,2.287000,2.810000,52.300000,0.000000
2018-01-09,2.329000,2.893000,56.400000,4.100000
2018-01-10,2.331000,2.899000,56.800000,0.400000
2018-01-11,2.324000,2.867000,54.300000,-2.500000
2018-01-12,2.346000,2.852000,50.600000,-3.700000
2018-01-15,2.352000,2.855000,50.300000,-0.300000
2018-01-16,2.353000,2.831000,47.800000,-2.500000
2018-01-17,2.403000,2.854000,45.100000,-2.700000
2018-01-18,2.418000,2.901000,48.300000,3.200000
2018-01-19,2.453000,2.933000,48.000000,-0.300000
2018-01-22,2.453000,2.917000,46.400000,-1.600000
2018-01-23,2.415000,2.897000,48.200000,1.800000
2018-01-24,2.438000,2.931000,49.300000,1.100000
2018-01-25,2.425000,2.891000,46.600000,-2.700000
2018-01-26,2.470000,2.911000,44.100000,-2.500000
2018-01-29,2.495000,2.949000,45.400000,1.300000
2018-01-30,2.509000,2.976000,46.700000,1.300000
2018-01-31,2.522000,2.941000,41.900000,-4.800000
2018-02-01,2.566000,3.017000,45.100000,3.200000
2018-02-02,2.588000,3.087000,49.900000,4.800000
2018-02-05,2.444000,3.003000,55.900000,6.000000
2018-02-06,2.543000,3.067000,52.400000,-3.500000
2018-02-07,2.556000,3.109000,55.300000,2.900000
2018-02-08,2.545000,3.130000,58.500000,3.200000
2018-02-09,2.543000,3.165000,62.200000,3.700000
2018-02-12,2.557000,3.144000,58.700000,-3.500000
2018-02-13,2.547000,3.117000,57.000000,-1.700000
2018-02-14,2.642000,3.172000,53.000000,-4.000000
2018-02-15,2.647000,3.162000,51.500000,-1.500000
2018-02-16,2.627000,3.131000,50.400000,-1.100000
2018-02-19,2.653000,3.136000,48.300000,-2.100000
2018-02-20,2.646000,3.155000,50.900000,2.600000
2018-02-21,2.686000,3.228000,54.200000,3.300000
2018-02-22,2.659000,3.204000,54.500000,0.300000
2018-02-23,2.620000,3.155000,53.500000,-1.000000
2018-02-26,2.612000,3.156000,54.400000,0.900000
2018-02-27,2.665000,3.163000,49.800000,-4.600000
2018-02-28,2.645000,3.128000,48.300000,-1.500000
2018-03-01,2.585000,3.092000,50.700000,2.400000
2018-03-02,2.632000,3.142000,51.000000,0.300000
2018-03-05,2.645000,3.153000,50.800000,-0.200000
2018-03-06,2.654000,3.153000,49.900000,-0.900000
2018-03-07,2.648000,3.150000,50.200000,0.300000
2018-03-08,2.628000,3.123000,49.500000,-0.700000
2018-03-09,2.652000,3.161000,50.900000,1.400000
2018-03-12,2.635000,3.128000,49.300000,-1.600000
2018-03-13,2.622000,3.099000,47.700000,-1.600000
2018-03-14,2.613000,3.059000,44.600000,-3.100000
2018-03-15,2.623000,3.058000,43.500000,-1.100000
2018-03-16,2.644000,3.077000,43.300000,-0.200000
2018-03-19,2.655000,3.088000,43.300000,0.000000
2018-03-20,2.700000,3.132000,43.200000,-0.100000
2018-03-21,2.674000,3.111000,43.700000,0.500000
2018-03-22,2.621000,3.058000,43.700000,-0.000000
2018-03-23,2.603000,3.062000,45.900000,2.200000
2018-03-26,2.640000,3.086000,44.600000,-1.300000
2018-03-27,2.570000,3.027000,45.700000,1.100000
2018-03-28,2.596000,3.021000,42.500000,-3.200000
2018-03-29,2.562000,2.972000,41.000000,-1.500000
2018-04-02,2.550000,2.967000,41.700000,0.700000
2018-04-03,2.599000,3.014000,41.500000,-0.200000
2018-04-04,2.626000,3.043000,41.700000,0.200000
2018-04-05,2.640000,3.074000,43.400000,1.700000
2018-04-06,2.588000,3.019000,43.100000,-0.300000
2018-04-09,2.598000,3.014000,41.600000,-1.500000
2018-04-10,2.625000,3.020000,39.500000,-2.100000
2018-04-11,2.613000,2.994000,38.100000,-1.400000
2018-04-12,2.679000,3.046000,36.700000,-1.400000
2018-04-13,2.671000,3.027000,35.600000,-1.100000
2018-04-16,2.681000,3.025000,34.400000,-1.200000
2018-04-17,2.690000,3.017000,32.700000,-1.700000
2018-04-18,2.733000,3.061000,32.800000,0.100000
2018-04-19,2.757000,3.102000,34.500000,1.700000
2018-04-20,2.802000,3.147000,34.500000,0.000000
2018-04-23,2.822000,3.144000,32.200000,-2.300000
2018-04-24,2.828000,3.183000,35.500000,3.300000
2018-04-25,2.842000,3.212000,37.000000,1.500000
2018-04-26,2.814000,3.163000,34.900000,-2.100000
2018-04-27,2.804000,3.127000,32.300000,-2.600000
2018-04-30,2.801000,3.124000,32.300000,0.000000
2018-05-01,2.814000,3.130000,31.600000,-0.700000
2018-05-02,2.804000,3.151000,34.700000,3.100000
2018-05-03,2.782000,3.123000,34.100000,-0.600000
2018-05-04,2.787000,3.123000,33.600000,-0.500000
2018-05-07,2.789000,3.123000,33.400000,-0.200000
2018-05-08,2.811000,3.128000,31.700000,-1.700000
2018-05-09,2.842000,3.163000,32.100000,0.400000
2018-05-10,2.830000,3.109000,27.900000,-4.200000
2018-05-11,2.838000,3.102000,26.400000,-1.500000
2018-05-14,2.862000,3.132000,27.000000,0.600000
2018-05-15,2.917000,3.198000,28.100000,1.100000
2018-05-16,2.944000,3.223000,27.900000,-0.200000
2018-05-17,2.939000,3.250000,31.100000,3.200000
2018-05-18,2.888000,3.202000,31.400000,0.300000
2018-05-21,2.895000,3.201000,30.600000,-0.800000
2018-05-22,2.898000,3.207000,30.900000,0.300000
2018-05-23,2.825000,3.152000,32.700000,1.800000
2018-05-24,2.814000,3.127000,31.300000,-1.400000
2018-05-25,2.763000,3.090000,32.700000,1.400000
2018-05-28,2.731000,3.069000,33.800000,1.100000
2018-05-29,2.601000,2.976000,37.500000,3.700000
2018-05-30,2.683000,3.025000,34.200000,-3.300000
2018-05-31,2.700000,3.024000,32.400000,-1.800000
2018-06-01,2.747000,3.051000,30.400000,-2.000000
2018-06-04,2.796000,3.085000,28.900000,-1.500000
2018-06-05,2.769000,3.082000,31.300000,2.400000
2018-06-06,2.811000,3.123000,31.200000,-0.100000
2018-06-07,2.770000,3.073000,30.300000,-0.900000
2018-06-08,2.786000,3.091000,30.500000,0.200000
2018-06-11,2.796000,3.093000,29.700000,-0.800000
2018-06-12,2.813000,3.095000,28.200000,-1.500000
2018-06-13,2.836000,3.092000,25.600000,-2.600000
2018-06-14,2.808000,3.055000,24.700000,-0.900000
2018-06-15,2.799000,3.047000,24.800000,0.100000
2018-06-18,2.792000,3.044000,25.200000,0.400000
2018-06-19,2.772000,3.031000,25.900000,0.700000
2018-06-20,2.808000,3.074000,26.600000,0.700000
2018-06-21,2.769000,3.043000,27.400000,0.800000
2018-06-22,2.767000,3.037000,27.000000,-0.400000
2018-06-25,2.753000,3.027000,27.400000,0.400000
2018-06-26,2.746000,3.024000,27.800000,0.400000
2018-06-27,2.699000,2.969000,27.000000,-0.800000
2018-06-28,2.718000,2.967000,24.900000,-2.100000
2018-06-29,2.740000,2.990000,25.000000,0.100000
2018-07-02,2.757000,2.993000,23.600000,-1.400000
2018-07-03,2.723000,2.960000,23.700000,0.100000
2018-07-04,2.733000,2.967000,23.400000,-0.300000
2018-07-05,2.731000,2.947000,21.600000,-1.800000
2018-07-06,2.718000,2.931000,21.300000,-0.300000
2018-07-09,2.752000,2.966000,21.400000,0.100000
2018-07-10,2.764000,2.966000,20.200000,-1.200000
2018-07-11,2.738000,2.942000,20.400000,0.200000
2018-07-12,2.749000,2.947000,19.800000,-0.600000
2018-07-13,2.727000,2.933000,20.600000,0.800000
2018-07-16,2.750000,2.961000,21.100000,0.500000
2018-07-17,2.763000,2.969000,20.600000,-0.500000
2018-07-18,2.773000,2.989000,21.600000,1.000000
2018-07-19,2.734000,2.958000,22.400000,0.800000
2018-07-20,2.764000,3.031000,26.700000,4.300000
2018-07-23,2.823000,3.095000,27.200000,0.500000
2018-07-24,2.821000,3.076000,25.500000,-1.700000
2018-07-25,2.849000,3.100000,25.100000,-0.400000
2018-07-26,2.865000,3.104000,23.900000,-1.200000
2018-07-27,2.846000,3.085000,23.900000,0.000000
2018-07-30,2.851000,3.107000,25.600000,1.700000
2018-07-31,2.848000,3.081000,23.300000,-2.300000
2018-08-01,2.875000,3.131000,25.600000,2.300000
2018-08-02,2.855000,3.119000,26.400000,0.800000
2018-08-03,2.814000,3.089000,27.500000,1.100000
2018-08-06,2.809000,3.093000,28.400000,0.900000
2018-08-07,2.845000,3.122000,27.700000,-0.700000
2018-08-08,2.835000,3.113000,27.800000,0.100000
2018-08-09,2.809000,3.072000,26.300000,-1.500000
2018-08-10,2.747000,3.032000,28.500000,2.200000
2018-08-13,2.747000,3.046000,29.900000,1.400000
2018-08-14,2.774000,3.067000,29.300000,-0.600000
2018-08-15,2.735000,3.031000,29.600000,0.300000
2018-08-16,2.745000,3.027000,28.200000,-1.400000
2018-08-17,2.743000,3.018000,27.500000,-0.700000
2018-08-20,2.699000,2.983000,28.400000,0.900000
2018-08-21,2.726000,3.002000,27.600000,-0.800000
2018-08-22,2.704000,2.983000,27.900000,0.300000
2018-08-23,2.724000,2.980000,25.600000,-2.300000
2018-08-24,2.716000,2.961000,24.500000,-1.100000
2018-08-27,2.741000,2.994000,25.300000,0.800000
2018-08-28,2.777000,3.033000,25.600000,0.300000
2018-08-29,2.784000,3.023000,23.900000,-1.700000
2018-08-30,2.752000,3.007000,25.500000,1.600000
2018-08-31,2.738000,3.019000,28.100000,2.600000
2018-09-03,2.740000,3.029000,28.900000,0.800000
2018-09-04,2.774000,3.062000,28.800000,-0.100000
2018-09-05,2.770000,3.076000,30.600000,1.800000
2018-09-06,2.747000,3.054000,30.700000,0.100000
2018-09-07,2.819000,3.101000,28.200000,-2.500000
2018-09-10,2.825000,3.084000,25.900000,-2.300000
2018-09-11,2.871000,3.123000,25.200000,-0.700000
2018-09-12,2.862000,3.107000,24.500000,-0.700000
2018-09-13,2.876000,3.112000,23.600000,-0.900000
2018-09-14,2.905000,3.133000,22.800000,-0.800000
2018-09-17,2.893000,3.133000,24.000000,1.200000
2018-09-18,2.946000,3.202000,25.600000,1.600000
2018-09-19,2.950000,3.212000,26.200000,0.600000
2018-09-20,2.955000,3.199000,24.400000,-1.800000
2018-09-21,2.952000,3.203000,25.100000,0.700000
2018-09-24,2.969000,3.224000,25.500000,0.400000
2018-09-25,2.983000,3.227000,24.400000,-1.100000
2018-09-26,2.944000,3.182000,23.800000,-0.600000
2018-09-27,2.958000,3.185000,22.700000,-1.100000
2018-09-28,2.955000,3.208000,25.300000,2.600000
2018-10-01,2.965000,3.237000,27.200000,1.900000
2018-10-02,2.950000,3.214000,26.400000,-0.800000
2018-10-03,3.042000,3.336000,29.400000,3.000000
2018-10-04,3.045000,3.348000,30.300000,0.900000
2018-10-05,3.073000,3.405000,33.200000,2.900000
2018-10-08,3.061000,3.420000,35.900000,2.700000
2018-10-09,3.054000,3.366000,31.200000,-4.700000
2018-10-10,3.011000,3.362000,35.100000,3.900000
2018-10-11,3.001000,3.317000,31.600000,-3.500000
2018-10-12,3.022000,3.338000,31.600000,0.000000
2018-10-15,3.010000,3.335000,32.500000,0.900000
2018-10-16,3.024000,3.335000,31.100000,-1.400000
2018-10-17,3.062000,3.375000,31.300000,0.200000
2018-10-18,3.025000,3.363000,33.800000,2.500000
2018-10-19,3.048000,3.379000,33.100000,-0.700000
2018-10-22,3.050000,3.391000,34.100000,1.000000
2018-10-23,3.014000,3.370000,35.600000,1.500000
2018-10-24,2.948000,3.336000,38.800000,3.200000
2018-10-25,2.968000,3.349000,38.100000,-0.700000
2018-10-26,2.909000,3.312000,40.300000,2.200000
2018-10-29,2.922000,3.334000,41.200000,0.900000
2018-10-30,2.951000,3.359000,40.800000,-0.400000
2018-10-31,2.978000,3.396000,41.800000,1.000000
2018-11-01,2.961000,3.376000,41.500000,-0.300000
2018-11-02,3.042000,3.462000,42.000000,0.500000
2018-11-05,3.028000,3.428000,40.000000,-2.000000
2018-11-06,3.061000,3.446000,38.500000,-1.500000
2018-11-07,3.083000,3.443000,36.000000,-2.500000
2018-11-08,3.093000,3.436000,34.300000,-1.700000
2018-11-09,3.040000,3.388000,34.800000,0.500000
2018-11-12,3.001000,3.352000,35.100000,0.300000
2018-11-13,2.984000,3.361000,37.700000,2.600000
2018-11-14,2.957000,3.366000,40.900000,3.200000
2018-11-15,2.936000,3.358000,42.200000,1.300000
2018-11-16,2.882000,3.318000,43.600000,1.400000
2018-11-19,2.871000,3.322000,45.100000,1.500000
2018-11-20,2.885000,3.314000,42.900000,-2.200000
2018-11-21,2.894000,3.316000,42.200000,-0.700000
2018-11-22,2.894000,3.316000,42.200000,0.000000
2018-11-23,2.873000,3.306000,43.300000,1.100000
2018-11-26,2.888000,3.317000,42.900000,-0.400000
2018-11-27,2.890000,3.319000,42.900000,-0.000000
2018-11-28,2.868000,3.348000,48.000000,5.100000
2018-11-29,2.848000,3.327000,47.900000,-0.100000
2018-11-30,2.823000,3.294000,47.100000,-0.800000
2018-12-03,2.816000,3.252000,43.600000,-3.500000
2018-12-04,2.790000,3.170000,38.000000,-5.600000
2018-12-05,2.797000,3.172000,37.500000,-0.500000
2018-12-06,2.753000,3.158000,40.500000,3.000000
2018-12-07,2.701000,3.147000,44.600000,4.100000
2018-12-10,2.718000,3.132000,41.400000,-3.200000
2018-12-11,2.743000,3.124000,38.100000,-3.300000
2018-12-12,2.770000,3.147000,37.700000,-0.400000
2018-12-13,2.756000,3.165000,40.900000,3.200000
2018-12-14,2.734000,3.150000,41.600000,0.700000
2018-12-17,2.692000,3.114000,42.200000,0.600000
2018-12-18,2.654000,3.075000,42.100000,-0.100000
2018-12-19,2.627000,2.989000,36.200000,-5.900000
2018-12-20,2.671000,3.044000,37.300000,1.100000
2018-12-21,2.637000,3.030000,39.300000,2.000000
2018-12-24,2.572000,2.999000,42.700000,3.400000
2018-12-25,2.578000,3.006000,42.800000,0.100000
2018-12-26,2.650000,3.065000,41.500000,-1.300000
2018-12-27,2.620000,3.058000,43.800000,2.300000
2018-12-28,2.555000,3.020000,46.500000,2.700000
2018-12-31,2.510000,3.020000,51.000000,4.500000
2019-01-01,2.510000,3.020000,51.000000,0.000000
2019-01-02,2.468000,2.963000,49.500000,-1.500000
2019-01-03,2.355000,2.903000,54.800000,5.300000
2019-01-04,2.501000,2.981000,48.000000,-6.800000
2019-01-07,2.537000,2.993000,45.600000,-2.400000
2019-01-08,2.581000,3.004000,42.300000,-3.300000
2019-01-09,2.549000,3.006000,45.700000,3.400000
2019-01-10,2.569000,3.064000,49.500000,3.800000
2019-01-11,2.527000,3.033000,50.600000,1.100000
2019-01-14,2.527000,3.057000,53.000000,2.400000
2019-01-15,2.534000,3.077000,54.300000,1.300000
2019-01-16,2.542000,3.074000,53.200000,-1.100000
2019-01-17,2.576000,3.075000,49.900000,-3.300000
2019-01-18,2.625000,3.101000,47.600000,-2.300000
2019-01-21,2.608000,3.096000,48.800000,1.200000
2019-01-22,2.579000,3.063000,48.400000,-0.400000
2019-01-23,2.584000,3.068000,48.400000,0.000000
2019-01-24,2.550000,3.033000,48.300000,-0.100000
2019-01-25,2.598000,3.066000,46.800000,-1.500000
2019-01-28,2.582000,3.067000,48.500000,1.700000
2019-01-29,2.545000,3.040000,49.500000,1.000000
2019-01-30,2.485000,3.033000,54.800000,5.300000
2019-01-31,2.440000,2.997000,55.700000,0.900000
2019-02-01,2.503000,3.025000,52.200000,-3.500000
2019-02-04,2.537000,3.057000,52.000000,-0.200000
2019-02-05,2.517000,3.035000,51.800000,-0.200000
2019-02-06,2.508000,3.035000,52.700000,0.900000
2019-02-07,2.465000,2.996000,53.100000,0.400000
2019-02-08,2.444000,2.976000,53.200000,0.100000
2019-02-11,2.470000,2.990000,52.000000,-1.200000
2019-02-12,2.493000,3.024000,53.100000,1.100000
2019-02-13,2.529000,3.036000,50.700000,-2.400000
2019-02-14,2.473000,2.999000,52.600000,1.900000
2019-02-15,2.493000,2.994000,50.100000,-2.500000
2019-02-18,2.500000,2.998000,49.800000,-0.300000
2019-02-19,2.459000,2.979000,52.000000,2.200000
2019-02-20,2.471000,2.998000,52.700000,0.700000
2019-02-21,2.513000,3.050000,53.700000,1.000000
2019-02-22,2.471000,3.017000,54.600000,0.900000
2019-02-25,2.481000,3.031000,55.000000,0.400000
2019-02-26,2.447000,3.008000,56.100000,1.100000
2019-02-27,2.482000,3.066000,58.400000,2.300000
2019-02-28,2.516000,3.082000,56.600000,-1.800000
2019-03-01,2.561000,3.128000,56.700000,0.100000
2019-03-04,2.529000,3.092000,56.300000,-0.400000
2019-03-05,2.529000,3.083000,55.400000,-0.900000
2019-03-06,2.499000,3.070000,57.100000,1.700000
2019-03-07,2.442000,3.027000,58.500000,1.400000
2019-03-08,2.432000,3.013000,58.100000,-0.400000
2019-03-11,2.444000,3.028000,58.400000,0.300000
2019-03-12,2.405000,2.989000,58.400000,0.000000
2019-03-13,2.432000,3.018000,58.600000,0.200000
2019-03-14,2.430000,3.044000,61.400000,2.800000
2019-03-15,2.397000,3.013000,61.600000,0.200000
2019-03-18,2.415000,3.017000,60.200000,-1.400000
2019-03-19,2.429000,3.029000,60.000000,-0.200000
2019-03-20,2.326000,2.970000,64.400000,4.400000
2019-03-21,2.341000,2.965000,62.400000,-2.000000
2019-03-22,2.240000,2.875000,63.500000,1.100000
2019-03-25,2.187000,2.866000,67.900000,4.400000
2019-03-26,2.208000,2.875000,66.700000,-1.200000
2019-03-27,2.170000,2.821000,65.100000,-1.600000
2019-03-28,2.210000,2.819000,60.900000,-4.200000
2019-03-29,2.236000,2.816000,58.000000,-2.900000
2019-04-01,2.325000,2.892000,56.700000,-1.300000
2019-04-02,2.283000,2.876000,59.300000,2.600000
2019-04-03,2.330000,2.935000,60.500000,1.200000
2019-04-04,2.319000,2.921000,60.200000,-0.300000
2019-04-05,2.309000,2.905000,59.600000,-0.600000
2019-04-08,2.326000,2.926000,60.000000,0.400000
2019-04-09,2.307000,2.913000,60.600000,0.600000
2019-04-10,2.270000,2.891000,62.100000,1.500000
2019-04-11,2.314000,2.929000,61.500000,-0.600000
2019-04-12,2.377000,2.974000,59.700000,-1.800000
2019-04-15,2.372000,2.969000,59.700000,-0.000000
2019-04-16,2.406000,2.995000,58.900000,-0.800000
2019-04-17,2.404000,2.993000,58.900000,0.000000
2019-04-18,2.369000,2.959000,59.000000,0.100000
2019-04-22,2.385000,2.990000,60.500000,1.500000
2019-04-23,2.361000,2.982000,62.100000,1.600000
2019-04-24,2.312000,2.936000,62.400000,0.300000
2019-04-25,2.330000,2.944000,61.400000,-1.000000
2019-04-26,2.290000,2.924000,63.400000,2.000000
2019-04-29,2.312000,2.955000,64.300000,0.900000
2019-04-30,2.278000,2.930000,65.200000,0.900000
2019-05-01,2.303000,2.908000,60.500000,-4.700000
2019-05-02,2.347000,2.934000,58.700000,-1.800000
2019-05-03,2.327000,2.922000,59.500000,0.800000
2019-05-06,2.293000,2.908000,61.500000,2.000000
2019-05-07,2.253000,2.858000,60.500000,-1.000000
2019-05-08,2.288000,2.895000,60.700000,0.200000
2019-05-09,2.253000,2.869000,61.600000,0.900000
2019-05-10,2.268000,2.890000,62.200000,0.600000
2019-05-13,2.185000,2.839000,65.400000,3.200000
2019-05-14,2.191000,2.851000,66.000000,0.600000
2019-05-15,2.151000,2.822000,67.100000,1.100000
2019-05-16,2.171000,2.833000,66.200000,-0.900000
2019-05-17,2.176000,2.825000,64.900000,-1.300000
2019-05-20,2.206000,2.839000,63.300000,-1.600000
2019-05-21,2.228000,2.845000,61.700000,-1.600000
2019-05-22,2.179000,2.807000,62.800000,1.100000
2019-05-23,2.118000,2.757000,63.900000,1.100000
2019-05-24,2.122000,2.752000,63.000000,-0.900000
2019-05-27,2.117000,2.735000,61.800000,-1.200000
2019-05-28,2.070000,2.705000,63.500000,1.700000
2019-05-29,2.071000,2.693000,62.200000,-1.300000
2019-05-30,2.025000,2.644000,61.900000,-0.300000
2019-05-31,1.916000,2.571000,65.500000,3.600000
2019-06-03,1.840000,2.538000,69.800000,4.300000
2019-06-04,1.886000,2.603000,71.700000,1.900000
2019-06-05,1.871000,2.644000,77.300000,5.600000
2019-06-06,1.883000,2.615000,73.200000,-4.100000
2019-06-07,1.851000,2.575000,72.400000,-0.800000
2019-06-10,1.917000,2.627000,71.000000,-1.400000
2019-06-11,1.916000,2.618000,70.200000,-0.800000
2019-06-12,1.874000,2.618000,74.400000,4.200000
2019-06-13,1.834000,2.600000,76.600000,2.200000
2019-06-14,1.836000,2.588000,75.200000,-1.400000
2019-06-17,1.852000,2.580000,72.800000,-2.400000
2019-06-18,1.831000,2.549000,71.800000,-1.000000
2019-06-19,1.765000,2.540000,77.500000,5.700000
2019-06-20,1.776000,2.538000,76.200000,-1.300000
2019-06-21,1.797000,2.586000,78.900000,2.700000
2019-06-24,1.747000,2.546000,79.900000,1.000000
2019-06-25,1.729000,2.523000,79.400000,-0.500000
2019-06-26,1.798000,2.572000,77.400000,-2.000000
2019-06-27,1.770000,2.531000,76.100000,-1.300000
2019-06-28,1.768000,2.533000,76.500000,0.400000
2019-07-01,1.796000,2.553000,75.700000,-0.800000
2019-07-02,1.743000,2.504000,76.100000,0.400000
2019-07-03,1.737000,2.470000,73.300000,-2.800000
2019-07-04,1.730000,2.464000,73.400000,0.100000
2019-07-05,1.837000,2.544000,70.700000,-2.700000
2019-07-08,1.854000,2.532000,67.800000,-2.900000
2019-07-09,1.889000,2.546000,65.700000,-2.100000
2019-07-10,1.828000,2.574000,74.600000,8.900000
2019-07-11,1.899000,2.661000,76.200000,1.600000
2019-07-12,1.871000,2.648000,77.700000,1.500000
2019-07-15,1.846000,2.610000,76.400000,-1.300000
2019-07-16,1.871000,2.614000,74.300000,-2.100000
2019-07-17,1.811000,2.556000,74.500000,0.200000
2019-07-18,1.766000,2.564000,79.800000,5.300000
2019-07-19,1.816000,2.581000,76.500000,-3.300000
2019-07-22,1.805000,2.573000,76.800000,0.300000
2019-07-23,1.828000,2.616000,78.800000,2.000000
2019-07-24,1.815000,2.578000,76.300000,-2.500000
2019-07-25,1.862000,2.609000,74.700000,-1.600000
2019-07-26,1.854000,2.596000,74.200000,-0.500000
2019-07-29,1.844000,2.591000,74.700000,0.500000
2019-07-30,1.842000,2.580000,73.800000,-0.900000
2019-07-31,1.822000,2.521000,69.900000,-3.900000
2019-08-01,1.693000,2.449000,75.600000,5.700000
2019-08-02,1.661000,2.376000,71.500000,-4.100000
2019-08-05,1.528000,2.264000,73.600000,2.100000
2019-08-06,1.526000,2.241000,71.500000,-2.100000
2019-08-07,1.542000,2.242000,70.000000,-1.500000
2019-08-08,1.544000,2.229000,68.500000,-1.500000
2019-08-09,1.579000,2.259000,68.000000,-0.500000
2019-08-12,1.486000,2.128000,64.200000,-3.800000
2019-08-13,1.586000,2.164000,57.800000,-6.400000
2019-08-14,1.494000,2.021000,52.700000,-5.100000
2019-08-15,1.396000,1.954000,55.800000,3.100000
2019-08-16,1.423000,2.044000,62.100000,6.300000
2019-08-19,1.480000,2.086000,60.600000,-1.500000
2019-08-20,1.428000,2.036000,60.800000,0.200000
2019-08-21,1.474000,2.074000,60.000000,-0.800000
2019-08-22,1.498000,2.104000,60.600000,0.600000
2019-08-23,1.414000,2.027000,61.300000,0.700000
2019-08-26,1.419000,2.042000,62.300000,1.000000
2019-08-27,1.381000,1.953000,57.200000,-5.100000
2019-08-28,1.374000,1.938000,56.400000,-0.800000
2019-08-29,1.396000,1.962000,56.600000,0.200000
2019-08-30,1.391000,1.963000,57.200000,0.600000
2019-09-02,1.390000,1.975000,58.500000,1.300000
2019-09-03,1.334000,1.953000,61.900000,3.400000
2019-09-04,1.321000,1.976000,65.500000,3.600000
2019-09-05,1.434000,2.054000,62.000000,-3.500000
2019-09-06,1.431000,2.025000,59.400000,-2.600000
2019-09-09,1.500000,2.131000,63.100000,3.700000
2019-09-10,1.603000,2.227000,62.400000,-0.700000
2019-09-11,1.598000,2.226000,62.800000,0.400000
2019-09-12,1.640000,2.259000,61.900000,-0.900000
2019-09-13,1.757000,2.375000,61.800000,-0.100000
2019-09-16,1.697000,2.315000,61.800000,-0.000000
2019-09-17,1.664000,2.272000,60.800000,-1.000000
2019-09-18,1.678000,2.251000,57.300000,-3.500000
2019-09-19,1.663000,2.230000,56.700000,-0.600000
2019-09-20,1.600000,2.159000,55.900000,-0.800000
2019-09-23,1.600000,2.171000,57.100000,1.200000
2019-09-24,1.529000,2.109000,58.000000,0.900000
2019-09-25,1.609000,2.188000,57.900000,-0.100000
2019-09-26,1.585000,2.145000,56.000000,-1.900000
2019-09-27,1.565000,2.131000,56.600000,0.600000
2019-09-30,1.546000,2.114000,56.800000,0.200000
2019-10-01,1.489000,2.091000,60.200000,3.400000
2019-10-02,1.435000,2.088000,65.300000,5.100000
2019-10-03,1.349000,2.031000,68.200000,2.900000
2019-10-04,1.349000,2.014000,66.500000,-1.700000
2019-10-07,1.397000,2.053000,65.600000,-0.900000
2019-10-08,1.357000,2.034000,67.700000,2.100000
2019-10-09,1.409000,2.086000,67.700000,0.000000
2019-10-10,1.488000,2.160000,67.200000,-0.500000
2019-10-11,1.556000,2.197000,64.100000,-3.100000
2019-10-14,1.546000,2.180000,63.400000,-0.700000
2019-10-15,1.599000,2.233000,63.400000,0.000000
2019-10-16,1.567000,2.228000,66.100000,2.700000
2019-10-17,1.574000,2.233000,65.900000,-0.200000
2019-10-18,1.566000,2.249000,68.300000,2.400000
2019-10-21,1.612000,2.292000,68.000000,-0.300000
2019-10-22,1.591000,2.256000,66.500000,-1.500000
2019-10-23,1.594000,2.255000,66.100000,-0.400000
2019-10-24,1.588000,2.264000,67.600000,1.500000
2019-10-25,1.626000,2.289000,66.300000,-1.300000
2019-10-28,1.665000,2.335000,67.000000,0.700000
2019-10-29,1.659000,2.330000,67.100000,0.100000
2019-10-30,1.608000,2.257000,64.900000,-2.200000
2019-10-31,1.518000,2.173000,65.500000,0.600000
2019-11-01,1.544000,2.193000,64.900000,-0.600000
2019-11-04,1.598000,2.267000,66.900000,2.000000
2019-11-05,1.661000,2.336000,67.500000,0.600000
2019-11-06,1.631000,2.317000,68.600000,1.100000
2019-11-07,1.742000,2.409000,66.700000,-1.900000
2019-11-08,1.751000,2.427000,67.600000,0.900000
2019-11-11,1.739000,2.408000,66.900000,-0.700000
2019-11-12,1.734000,2.404000,67.000000,0.100000
2019-11-13,1.698000,2.370000,67.200000,0.200000
2019-11-14,1.628000,2.303000,67.500000,0.300000
2019-11-15,1.653000,2.308000,65.500000,-2.000000
2019-11-18,1.637000,2.297000,66.000000,0.500000
2019-11-19,1.625000,2.251000,62.600000,-3.400000
2019-11-20,1.594000,2.210000,61.600000,-1.000000
2019-11-21,1.619000,2.233000,61.400000,-0.200000
2019-11-22,1.624000,2.219000,59.500000,-1.900000
2019-11-25,1.607000,2.197000,59.000000,-0.500000
2019-11-26,1.596000,2.178000,58.200000,-0.800000
2019-11-27,1.628000,2.189000,56.100000,-2.100000
2019-11-28,1.636000,2.201000,56.500000,0.400000
2019-11-29,1.624000,2.203000,57.900000,1.400000
2019-12-02,1.644000,2.268000,62.400000,4.500000
2019-12-03,1.544000,2.165000,62.100000,-0.300000
2019-12-04,1.603000,2.224000,62.100000,0.000000
2019-12-05,1.631000,2.256000,62.500000,0.400000
2019-12-06,1.668000,2.284000,61.600000,-0.900000
2019-12-09,1.658000,2.257000,59.900000,-1.700000
2019-12-10,1.686000,2.265000,57.900000,-2.000000
2019-12-11,1.638000,2.225000,58.700000,0.800000
2019-12-12,1.731000,2.312000,58.100000,-0.600000
2019-12-13,1.656000,2.254000,59.800000,1.700000
2019-12-16,1.703000,2.291000,58.800000,-1.000000
2019-12-17,1.702000,2.299000,59.700000,0.900000
2019-12-18,1.737000,2.349000,61.200000,1.500000
2019-12-19,1.735000,2.354000,61.900000,0.700000
2019-12-20,1.734000,2.344000,61.000000,-0.900000
2019-12-23,1.745000,2.354000,60.900000,-0.100000
2019-12-24,1.712000,2.334000,62.200000,1.300000
2019-12-25,1.735000,2.338000,60.300000,-1.900000
2019-12-26,1.719000,2.321000,60.200000,-0.100000
2019-12-27,1.678000,2.318000,64.000000,3.800000
2019-12-30,1.676000,2.335000,65.900000,1.900000
2019-12-31,1.693000,2.389000,69.600000,3.700000
2020-01-01,1.693000,2.389000,69.600000,0.000000
2020-01-02,1.666000,2.328000,66.200000,-3.400000
2020-01-03,1.594000,2.249000,65.500000,-0.700000
2020-01-06,1.607000,2.285000,67.800000,2.300000
2020-01-07,1.604000,2.296000,69.200000,1.400000
2020-01-08,1.664000,2.363000,69.900000,0.700000
2020-01-09,1.651000,2.329000,67.800000,-2.100000
2020-01-10,1.633000,2.279000,64.600000,-3.200000
2020-01-13,1.651000,2.304000,65.300000,0.700000
2020-01-14,1.618000,2.272000,65.400000,0.100000
2020-01-15,1.602000,2.238000,63.600000,-1.800000
2020-01-16,1.625000,2.258000,63.300000,-0.300000
2020-01-17,1.623000,2.285000,66.200000,2.900000
2020-01-20,1.620000,2.286000,66.600000,0.400000
2020-01-21,1.575000,2.234000,65.900000,-0.700000
2020-01-22,1.575000,2.223000,64.800000,-1.100000
2020-01-23,1.544000,2.175000,63.100000,-1.700000
2020-01-24,1.509000,2.135000,62.600000,-0.500000
2020-01-27,1.445000,2.062000,61.700000,-0.900000
2020-01-28,1.484000,2.116000,63.200000,1.500000
2020-01-29,1.404000,2.034000,63.000000,-0.200000
2020-01-30,1.409000,2.057000,64.800000,1.800000
2020-01-31,1.315000,1.997000,68.200000,3.400000
2020-02-03,1.349000,2.003000,65.400000,-2.800000
2020-02-04,1.422000,2.079000,65.700000,0.300000
2020-02-05,1.463000,2.132000,66.900000,1.200000
2020-02-06,1.463000,2.110000,64.700000,-2.200000
2020-02-07,1.404000,2.046000,64.200000,-0.500000
2020-02-10,1.380000,2.033000,65.300000,1.100000
2020-02-11,1.422000,2.065000,64.300000,-1.000000
2020-02-12,1.454000,2.093000,63.900000,-0.400000
2020-02-13,1.442000,2.073000,63.100000,-0.800000
2020-02-14,1.418000,2.038000,62.000000,-1.100000
2020-02-17,1.409000,2.029000,62.000000,0.000000
2020-02-18,1.396000,2.008000,61.200000,-0.800000
2020-02-19,1.409000,2.014000,60.500000,-0.700000
2020-02-20,1.363000,1.963000,60.000000,-0.500000
2020-02-21,1.322000,1.917000,59.500000,-0.500000
2020-02-24,1.206000,1.833000,62.700000,3.200000
2020-02-25,1.185000,1.824000,63.900000,1.200000
2020-02-26,1.157000,1.821000,66.400000,2.500000
2020-02-27,1.080000,1.770000,69.000000,2.600000
2020-02-28,0.952000,1.684000,73.200000,4.200000
2020-03-02,0.931000,1.706000,77.500000,4.300000
2020-03-03,0.743000,1.613000,87.000000,9.500000
2020-03-04,0.786000,1.702000,91.600000,4.600000
2020-03-05,0.683000,1.547000,86.400000,-5.200000
2020-03-06,0.613000,1.297000,68.400000,-18.000000
2020-03-09,0.501000,1.031000,53.000000,-15.400000
2020-03-10,0.670000,1.296000,62.600000,9.600000
2020-03-11,0.702000,1.353000,65.100000,2.500000
2020-03-12,0.613000,1.430000,81.700000,16.600000
2020-03-13,0.731000,1.597000,86.600000,4.900000
2020-03-16,0.506000,1.315000,80.900000,-5.700000
2020-03-17,0.737000,1.706000,96.900000,16.000000
2020-03-18,0.794000,1.763000,96.900000,0.000000
2020-03-19,0.710000,1.783000,107.300000,10.400000
2020-03-20,0.481000,1.473000,99.200000,-8.100000
2020-03-23,0.406000,1.330000,92.400000,-6.800000
2020-03-24,0.530000,1.408000,87.800000,-4.600000
2020-03-25,0.522000,1.448000,92.600000,4.800000
2020-03-26,0.527000,1.439000,91.200000,-1.400000
2020-03-27,0.400000,1.244000,84.400000,-6.800000
2020-03-30,0.416000,1.339000,92.300000,7.900000
2020-03-31,0.374000,1.316000,94.200000,1.900000
2020-04-01,0.372000,1.246000,87.400000,-6.800000
2020-04-02,0.384000,1.260000,87.600000,0.200000
2020-04-03,0.386000,1.217000,83.100000,-4.500000
2020-04-06,0.448000,1.286000,83.800000,0.700000
2020-04-07,0.468000,1.316000,84.800000,1.000000
2020-04-08,0.471000,1.378000,90.700000,5.900000
2020-04-09,0.411000,1.353000,94.200000,3.500000
2020-04-13,0.455000,1.401000,94.600000,0.400000
2020-04-14,0.422000,1.401000,97.900000,3.300000
2020-04-15,0.339000,1.272000,93.300000,-4.600000
2020-04-16,0.352000,1.214000,86.200000,-7.100000
2020-04-17,0.358000,1.265000,90.700000,4.500000
2020-04-20,0.350000,1.227000,87.700000,-3.000000
2020-04-21,0.331000,1.160000,82.900000,-4.800000
2020-04-22,0.364000,1.215000,85.100000,2.200000
2020-04-23,0.370000,1.181000,81.100000,-4.000000
2020-04-24,0.375000,1.175000,80.000000,-1.100000
2020-04-27,0.405000,1.259000,85.400000,5.400000
2020-04-28,0.377000,1.205000,82.800000,-2.600000
2020-04-29,0.367000,1.250000,88.300000,5.500000
2020-04-30,0.366000,1.293000,92.700000,4.400000
2020-05-01,0.353000,1.253000,90.000000,-2.700000
2020-05-04,0.361000,1.277000,91.600000,1.600000
2020-05-05,0.375000,1.334000,95.900000,4.300000
2020-05-06,0.373000,1.401000,102.800000,6.900000
2020-05-07,0.305000,1.326000,102.100000,-0.700000
2020-05-08,0.334000,1.386000,105.200000,3.100000
2020-05-11,0.350000,1.414000,106.400000,1.200000
2020-05-12,0.326000,1.374000,104.800000,-1.600000
2020-05-13,0.319000,1.344000,102.500000,-2.300000
2020-05-14,0.300000,1.290000,99.000000,-3.500000
2020-05-15,0.311000,1.325000,101.400000,2.400000
2020-05-18,0.372000,1.435000,106.300000,4.900000
2020-05-19,0.335000,1.414000,107.900000,1.600000
2020-05-20,0.345000,1.409000,106.400000,-1.500000
2020-05-21,0.345000,1.398000,105.300000,-1.100000
2020-05-22,0.333000,1.370000,103.700000,-1.600000
2020-05-25,0.337000,1.370000,103.300000,-0.400000
2020-05-26,0.346000,1.444000,109.800000,6.500000
2020-05-27,0.353000,1.459000,110.600000,0.800000
2020-05-28,0.340000,1.462000,112.200000,1.600000
2020-05-29,0.304000,1.411000,110.700000,-1.500000
2020-06-01,0.310000,1.465000,115.500000,4.800000
2020-06-02,0.321000,1.491000,117.000000,1.500000
2020-06-03,0.364000,1.533000,116.900000,-0.100000
2020-06-04,0.408000,1.635000,122.700000,5.800000
2020-06-05,0.463000,1.669000,120.600000,-2.100000
2020-06-08,0.450000,1.643000,119.300000,-1.300000
2020-06-09,0.398000,1.579000,118.100000,-1.200000
2020-06-10,0.324000,1.516000,119.200000,1.100000
2020-06-11,0.320000,1.401000,108.100000,-11.100000
2020-06-12,0.333000,1.461000,112.800000,4.700000
2020-06-15,0.342000,1.462000,112.000000,-0.800000
2020-06-16,0.336000,1.530000,119.400000,7.400000
2020-06-17,0.342000,1.525000,118.300000,-1.100000
2020-06-18,0.333000,1.480000,114.700000,-3.600000
2020-06-19,0.325000,1.462000,113.700000,-1.000000
2020-06-22,0.339000,1.466000,112.700000,-1.000000
2020-06-23,0.330000,1.493000,116.300000,3.600000
2020-06-24,0.319000,1.432000,111.300000,-5.000000
2020-06-25,0.330000,1.429000,109.900000,-1.400000
2020-06-26,0.300000,1.371000,107.100000,-2.800000
2020-06-29,0.275000,1.381000,110.600000,3.500000
2020-06-30,0.288000,1.413000,112.500000,1.900000
2020-07-01,0.312000,1.424000,111.200000,-1.300000
2020-07-02,0.294000,1.429000,113.500000,2.300000
2020-07-06,0.301000,1.440000,113.900000,0.400000
2020-07-07,0.286000,1.375000,108.900000,-5.000000
2020-07-08,0.302000,1.401000,109.900000,1.000000
2020-07-09,0.283000,1.313000,103.000000,-6.900000
2020-07-10,0.304000,1.333000,102.900000,-0.100000
2020-07-13,0.287000,1.309000,102.200000,-0.700000
2020-07-14,0.291000,1.311000,102.000000,-0.200000
2020-07-15,0.288000,1.335000,104.700000,2.700000
2020-07-16,0.277000,1.311000,103.400000,-1.300000
2020-07-17,0.279000,1.327000,104.800000,1.400000
2020-07-20,0.280000,1.312000,103.200000,-1.600000
2020-07-21,0.269000,1.312000,104.300000,1.100000
2020-07-22,0.275000,1.298000,102.300000,-2.000000
2020-07-23,0.269000,1.232000,96.300000,-6.000000
2020-07-24,0.274000,1.226000,95.200000,-1.100000
2020-07-27,0.287000,1.259000,97.200000,2.000000
2020-07-28,0.266000,1.217000,95.100000,-2.100000
2020-07-29,0.255000,1.240000,98.500000,3.400000
2020-07-30,0.230000,1.204000,97.400000,-1.100000
2020-07-31,0.209000,1.196000,98.700000,1.300000
2020-08-03,0.220000,1.229000,100.900000,2.200000
2020-08-04,0.192000,1.189000,99.700000,-1.200000
2020-08-05,0.223000,1.225000,100.200000,0.500000
2020-08-06,0.215000,1.201000,98.600000,-1.600000
2020-08-07,0.229000,1.234000,100.500000,1.900000
2020-08-10,0.237000,1.256000,101.900000,1.400000
2020-08-11,0.277000,1.331000,105.400000,3.500000
2020-08-12,0.299000,1.369000,107.000000,1.600000
2020-08-13,0.320000,1.424000,110.400000,3.400000
2020-08-14,0.296000,1.444000,114.800000,4.400000
2020-08-17,0.291000,1.436000,114.500000,-0.300000
2020-08-18,0.279000,1.400000,112.100000,-2.400000
2020-08-19,0.290000,1.425000,113.500000,1.400000
2020-08-20,0.272000,1.387000,111.500000,-2.000000
2020-08-21,0.268000,1.349000,108.100000,-3.400000
2020-08-24,0.282000,1.356000,107.400000,-0.700000
2020-08-25,0.296000,1.398000,110.200000,2.800000
2020-08-26,0.288000,1.408000,112.000000,1.800000
2020-08-27,0.313000,1.510000,119.700000,7.700000
2020-08-28,0.272000,1.506000,123.400000,3.700000
2020-08-31,0.269000,1.476000,120.700000,-2.700000
2020-09-01,0.255000,1.424000,116.900000,-3.800000
2020-09-02,0.252000,1.377000,112.500000,-4.400000
2020-09-03,0.248000,1.361000,111.300000,-1.200000
2020-09-04,0.301000,1.473000,117.200000,5.900000
2020-09-07,0.293000,1.478000,118.500000,1.300000
2020-09-08,0.269000,1.426000,115.700000,-2.800000
2020-09-09,0.278000,1.454000,117.600000,1.900000
2020-09-10,0.269000,1.421000,115.200000,-2.400000
2020-09-11,0.253000,1.413000,116.000000,0.800000
2020-09-14,0.264000,1.415000,115.100000,-0.900000
2020-09-15,0.272000,1.434000,116.200000,1.100000
2020-09-16,0.283000,1.462000,117.900000,1.700000
2020-09-17,0.279000,1.440000,116.100000,-1.800000
2020-09-18,0.283000,1.455000,117.200000,1.100000
2020-09-21,0.269000,1.418000,114.900000,-2.300000
2020-09-22,0.266000,1.421000,115.500000,0.600000
2020-09-23,0.275000,1.423000,114.800000,-0.700000
2020-09-24,0.277000,1.406000,112.900000,-1.900000
2020-09-25,0.267000,1.402000,113.500000,0.600000
2020-09-28,0.263000,1.419000,115.600000,2.100000
2020-09-29,0.253000,1.417000,116.400000,0.800000
2020-09-30,0.278000,1.454000,117.600000,1.200000
2020-10-01,0.275000,1.455000,118.000000,0.400000
2020-10-02,0.288000,1.492000,120.400000,2.400000
2020-10-05,0.332000,1.584000,125.200000,4.800000
2020-10-06,0.310000,1.531000,122.100000,-3.100000
2020-10-07,0.339000,1.581000,124.200000,2.100000
2020-10-08,0.334000,1.581000,124.700000,0.500000
2020-10-09,0.340000,1.577000,123.700000,-1.000000
2020-10-12,0.331000,1.556000,122.500000,-1.200000
2020-10-13,0.306000,1.513000,120.700000,-1.800000
2020-10-14,0.306000,1.510000,120.400000,-0.300000
2020-10-15,0.317000,1.519000,120.200000,-0.200000
2020-10-16,0.325000,1.535000,121.000000,0.800000
2020-10-19,0.336000,1.562000,122.600000,1.600000
2020-10-20,0.336000,1.593000,125.700000,3.100000
2020-10-21,0.355000,1.633000,127.800000,2.100000
2020-10-22,0.380000,1.681000,130.100000,2.300000
2020-10-23,0.373000,1.641000,126.800000,-3.300000
2020-10-26,0.351000,1.592000,124.100000,-2.700000
2020-10-27,0.332000,1.554000,122.200000,-1.900000
2020-10-28,0.332000,1.560000,122.800000,0.600000
2020-10-29,0.375000,1.609000,123.400000,0.600000
2020-10-30,0.384000,1.658000,127.400000,4.000000
2020-11-02,0.380000,1.622000,124.200000,-3.200000
2020-11-03,0.394000,1.676000,128.200000,4.000000
2020-11-04,0.332000,1.546000,121.400000,-6.800000
2020-11-05,0.329000,1.526000,119.700000,-1.700000
2020-11-06,0.361000,1.601000,124.000000,4.300000
2020-11-09,0.428000,1.712000,128.400000,4.400000
2020-11-10,0.454000,1.747000,129.300000,0.900000
2020-11-11,0.454000,1.727000,127.300000,-2.000000
2020-11-12,0.393000,1.641000,124.800000,-2.500000
2020-11-13,0.409000,1.648000,123.900000,-0.900000
2020-11-16,0.408000,1.668000,126.000000,2.100000
2020-11-17,0.381000,1.611000,123.000000,-3.000000
2020-11-18,0.395000,1.601000,120.600000,-2.400000
2020-11-19,0.381000,1.558000,117.700000,-2.900000
2020-11-20,0.373000,1.516000,114.300000,-3.400000
2020-11-23,0.388000,1.557000,116.900000,2.600000
2020-11-24,0.400000,1.612000,121.200000,4.300000
2020-11-25,0.392000,1.627000,123.500000,2.300000
2020-11-26,0.380000,1.603000,122.300000,-1.200000
2020-11-27,0.369000,1.576000,120.700000,-1.600000
2020-11-30,0.364000,1.569000,120.500000,-0.200000
2020-12-01,0.419000,1.671000,125.200000,4.700000
2020-12-02,0.416000,1.690000,127.400000,2.200000
2020-12-03,0.396000,1.656000,126.000000,-1.400000
2020-12-04,0.423000,1.741000,131.800000,5.800000
2020-12-07,0.391000,1.686000,129.500000,-2.300000
2020-12-08,0.394000,1.667000,127.300000,-2.200000
2020-12-09,0.407000,1.688000,128.100000,0.800000
2020-12-10,0.384000,1.628000,124.400000,-3.700000
2020-12-11,0.364000,1.628000,126.400000,2.000000
2020-12-14,0.362000,1.633000,127.100000,0.700000
2020-12-15,0.367000,1.653000,128.600000,1.500000
2020-12-16,0.369000,1.657000,128.800000,0.200000
2020-12-17,0.378000,1.681000,130.300000,1.500000
2020-12-18,0.381000,1.690000,130.900000,0.600000
2020-12-21,0.381000,1.678000,129.700000,-1.200000
2020-12-22,0.365000,1.654000,128.900000,-0.800000
2020-12-23,0.372000,1.685000,131.300000,2.400000
2020-12-24,0.364000,1.662000,129.800000,-1.500000
2020-12-28,0.357000,1.659000,130.200000,0.400000
2020-12-29,0.381000,1.679000,129.800000,-0.400000
2020-12-30,0.370000,1.660000,129.000000,-0.800000
2020-12-31,0.361000,1.646000,128.500000,-0.500000
2021-01-04,0.353000,1.662000,130.900000,2.400000
2021-01-05,0.377000,1.704000,132.700000,1.800000
2021-01-06,0.427000,1.812000,138.500000,5.800000
2021-01-07,0.458000,1.859000,140.100000,1.600000
2021-01-08,0.486000,1.875000,138.900000,-1.200000
2021-01-11,0.506000,1.883000,137.700000,-1.200000
2021-01-12,0.498000,1.874000,137.600000,-0.100000
2021-01-13,0.475000,1.824000,134.900000,-2.700000
2021-01-14,0.484000,1.873000,138.900000,4.000000
2021-01-15,0.452000,1.839000,138.700000,-0.200000
2021-01-18,0.460000,1.854000,139.400000,0.700000
2021-01-19,0.447000,1.839000,139.200000,-0.200000
2021-01-20,0.441000,1.825000,138.400000,-0.800000
2021-01-21,0.447000,1.873000,142.600000,4.200000
2021-01-22,0.433000,1.847000,141.400000,-1.200000
2021-01-25,0.405000,1.796000,139.100000,-2.300000
2021-01-26,0.409000,1.790000,138.100000,-1.000000
2021-01-27,0.410000,1.771000,136.100000,-2.000000
2021-01-28,0.432000,1.814000,138.200000,2.100000
2021-01-29,0.426000,1.835000,140.900000,2.700000
2021-02-01,0.424000,1.853000,142.900000,2.000000
2021-02-02,0.438000,1.867000,142.900000,0.000000
2021-02-03,0.464000,1.927000,146.300000,3.400000
2021-02-04,0.458000,1.932000,147.400000,1.100000
2021-02-05,0.466000,1.977000,151.100000,3.700000
2021-02-08,0.482000,1.960000,147.800000,-3.300000
2021-02-09,0.475000,1.952000,147.700000,-0.100000
2021-02-10,0.451000,1.910000,145.900000,-1.800000
2021-02-11,0.464000,1.954000,149.000000,3.100000
2021-02-12,0.493000,2.011000,151.800000,2.800000
2021-02-15,0.522000,2.039000,151.700000,-0.100000
2021-02-16,0.572000,2.088000,151.600000,-0.100000
2021-02-17,0.554000,2.045000,149.100000,-2.500000
2021-02-18,0.554000,2.085000,153.100000,4.000000
2021-02-19,0.577000,2.135000,155.800000,2.700000
2021-02-22,0.600000,2.179000,157.900000,2.100000
2021-02-23,0.570000,2.179000,160.900000,3.000000
2021-02-24,0.602000,2.225000,162.300000,1.400000
2021-02-25,0.820000,2.298000,147.800000,-14.500000
2021-02-26,0.730000,2.154000,142.400000,-5.400000
2021-03-01,0.698000,2.199000,150.100000,7.700000
2021-03-02,0.663000,2.199000,153.600000,3.500000
2021-03-03,0.732000,2.275000,154.300000,0.700000
2021-03-04,0.782000,2.320000,153.800000,-0.500000
2021-03-05,0.803000,2.309000,150.600000,-3.200000
2021-03-08,0.860000,2.328000,146.800000,-3.800000
2021-03-09,0.808000,2.236000,142.800000,-4.000000
2021-03-10,0.789000,2.244000,145.500000,2.700000
2021-03-11,0.786000,2.295000,150.900000,5.400000
2021-03-12,0.842000,2.378000,153.600000,2.700000
2021-03-15,0.829000,2.359000,153.000000,-0.600000
2021-03-16,0.829000,2.378000,154.900000,1.900000
2021-03-17,0.802000,2.420000,161.800000,6.900000
2021-03-18,0.860000,2.452000,159.200000,-2.600000
2021-03-19,0.887000,2.437000,155.000000,-4.200000
2021-03-22,0.863000,2.398000,153.500000,-1.500000
2021-03-23,0.816000,2.329000,151.300000,-2.200000
2021-03-24,0.814000,2.315000,150.100000,-1.200000
2021-03-25,0.835000,2.353000,151.800000,1.700000
2021-03-26,0.864000,2.379000,151.500000,-0.300000
2021-03-29,0.892000,2.417000,152.500000,1.000000
2021-03-30,0.899000,2.368000,146.900000,-5.600000
2021-03-31,0.938000,2.415000,147.700000,0.800000
2021-04-01,0.906000,2.334000,142.800000,-4.900000
2021-04-02,0.906000,2.334000,142.800000,0.000000
2021-04-05,0.930000,2.349000,141.900000,-0.900000
2021-04-06,0.870000,2.325000,145.500000,3.600000
2021-04-07,0.874000,2.365000,149.100000,3.600000
2021-04-08,0.838000,2.316000,147.800000,-1.300000
2021-04-09,0.866000,2.336000,147.000000,-0.800000
2021-04-12,0.885000,2.338000,145.300000,-1.700000
2021-04-13,0.839000,2.299000,146.000000,0.700000
2021-04-14,0.860000,2.316000,145.600000,-0.400000
2021-04-15,0.816000,2.265000,144.900000,-0.700000
2021-04-16,0.837000,2.281000,144.400000,-0.500000
2021-04-19,0.834000,2.296000,146.200000,1.800000
2021-04-20,0.798000,2.260000,146.200000,0.000000
2021-04-21,0.800000,2.255000,145.500000,-0.700000
2021-04-22,0.794000,2.223000,142.900000,-2.600000
2021-04-23,0.816000,2.235000,141.900000,-1.000000
2021-04-26,0.831000,2.244000,141.300000,-0.600000
2021-04-27,0.881000,2.297000,141.600000,0.300000
2021-04-28,0.852000,2.290000,143.800000,2.200000
2021-04-29,0.867000,2.304000,143.700000,-0.100000
2021-04-30,0.849000,2.298000,144.900000,1.200000
2021-05-03,0.825000,2.284000,145.900000,1.000000
2021-05-04,0.819000,2.262000,144.300000,-1.600000
2021-05-05,0.795000,2.245000,145.000000,0.700000
2021-05-06,0.803000,2.241000,143.800000,-1.200000
2021-05-07,0.774000,2.281000,150.700000,6.900000
2021-05-10,0.785000,2.326000,154.100000,3.400000
2021-05-11,0.801000,2.347000,154.600000,0.500000
2021-05-12,0.864000,2.414000,155.000000,0.400000
2021-05-13,0.829000,2.402000,157.300000,2.300000
2021-05-14,0.818000,2.347000,152.900000,-4.400000
2021-05-17,0.836000,2.365000,152.900000,0.000000
2021-05-18,0.819000,2.362000,154.300000,1.400000
2021-05-19,0.860000,2.375000,151.500000,-2.800000
2021-05-20,0.815000,2.333000,151.800000,0.300000
2021-05-21,0.821000,2.318000,149.700000,-2.100000
2021-05-24,0.803000,2.300000,149.700000,-0.000000
2021-05-25,0.774000,2.253000,147.900000,-1.800000
2021-05-26,0.782000,2.261000,147.900000,0.000000
2021-05-27,0.814000,2.280000,146.600000,-1.300000
2021-05-28,0.788000,2.263000,147.500000,0.900000
2021-05-31,0.808000,2.291000,148.300000,0.800000
2021-06-01,0.803000,2.287000,148.400000,0.100000
2021-06-02,0.795000,2.272000,147.700000,-0.700000
2021-06-03,0.840000,2.297000,145.700000,-2.000000
2021-06-04,0.780000,2.232000,145.200000,-0.500000
2021-06-07,0.793000,2.247000,145.400000,0.200000
2021-06-08,0.776000,2.220000,144.400000,-1.000000
2021-06-09,0.750000,2.170000,142.000000,-2.400000
2021-06-10,0.716000,2.130000,141.400000,-0.600000
2021-06-11,0.744000,2.142000,139.800000,-1.600000
2021-06-14,0.787000,2.184000,139.700000,-0.100000
2021-06-15,0.779000,2.185000,140.600000,0.900000
2021-06-16,0.897000,2.211000,131.400000,-9.200000
2021-06-17,0.881000,2.098000,121.700000,-9.700000
2021-06-18,0.876000,2.017000,114.100000,-7.600000
2021-06-21,0.888000,2.120000,123.200000,9.100000
2021-06-22,0.857000,2.091000,123.400000,0.200000
2021-06-23,0.880000,2.105000,122.500000,-0.900000
2021-06-24,0.915000,2.106000,119.100000,-3.400000
2021-06-25,0.925000,2.151000,122.600000,3.500000
2021-06-28,0.899000,2.101000,120.200000,-2.400000
2021-06-29,0.891000,2.088000,119.700000,-0.500000
2021-06-30,0.891000,2.088000,119.700000,0.000000
2021-07-01,0.893000,2.065000,117.200000,-2.500000
2021-07-02,0.859000,2.045000,118.600000,1.400000
2021-07-05,0.861000,2.059000,119.800000,1.200000
2021-07-06,0.797000,1.982000,118.500000,-1.300000
2021-07-07,0.785000,1.942000,115.700000,-2.800000
2021-07-08,0.742000,1.925000,118.300000,2.600000
2021-07-09,0.787000,1.990000,120.300000,2.000000
2021-07-12,0.795000,2.000000,120.500000,0.200000
2021-07-13,0.846000,2.049000,120.300000,-0.200000
2021-07-14,0.794000,1.974000,118.000000,-2.300000
2021-07-15,0.780000,1.926000,114.600000,-3.400000
2021-07-16,0.781000,1.928000,114.700000,0.100000
2021-07-19,0.707000,1.829000,112.200000,-2.500000
2021-07-20,0.685000,1.877000,119.200000,7.000000
2021-07-21,0.738000,1.940000,120.200000,1.000000
2021-07-22,0.720000,1.913000,119.300000,-0.900000
2021-07-23,0.713000,1.923000,121.000000,1.700000
2021-07-26,0.726000,1.947000,122.100000,1.100000
2021-07-27,0.702000,1.893000,119.100000,-3.000000
2021-07-28,0.714000,1.887000,117.300000,-1.800000
2021-07-29,0.732000,1.918000,118.600000,1.300000
2021-07-30,0.693000,1.895000,120.200000,1.600000
2021-08-02,0.655000,1.849000,119.400000,-0.800000
2021-08-03,0.647000,1.845000,119.800000,0.400000
2021-08-04,0.674000,1.834000,116.000000,-3.800000
2021-08-05,0.726000,1.864000,113.800000,-2.200000
2021-08-06,0.774000,1.953000,117.900000,4.100000
2021-08-09,0.798000,1.970000,117.200000,-0.700000
2021-08-10,0.829000,2.001000,117.200000,0.000000
2021-08-11,0.807000,2.001000,119.400000,2.200000
2021-08-12,0.828000,2.003000,117.500000,-1.900000
2021-08-13,0.776000,1.933000,115.700000,-1.800000
2021-08-16,0.762000,1.930000,116.800000,1.100000
2021-08-17,0.770000,1.926000,115.600000,-1.200000
2021-08-18,0.768000,1.901000,113.300000,-2.300000
2021-08-19,0.770000,1.874000,110.400000,-2.900000
2021-08-20,0.783000,1.871000,108.800000,-1.600000
2021-08-23,0.771000,1.874000,110.300000,1.500000
2021-08-24,0.798000,1.915000,111.700000,1.400000
2021-08-25,0.824000,1.956000,113.200000,1.500000
2021-08-26,0.851000,1.950000,109.900000,-3.300000
2021-08-27,0.801000,1.921000,112.000000,2.100000
2021-08-30,0.767000,1.895000,112.800000,0.800000
2021-08-31,0.775000,1.928000,115.300000,2.500000
2021-09-01,0.776000,1.915000,113.900000,-1.400000
2021-09-02,0.769000,1.898000,112.900000,-1.000000
2021-09-03,0.785000,1.946000,116.100000,3.200000
2021-09-06,0.790000,1.952000,116.200000,0.100000
2021-09-07,0.824000,1.993000,116.900000,0.700000
2021-09-08,0.806000,1.955000,114.900000,-2.000000
2021-09-09,0.789000,1.893000,110.400000,-4.500000
2021-09-10,0.816000,1.934000,111.800000,1.400000
2021-09-13,0.806000,1.906000,110.000000,-1.800000
2021-09-14,0.785000,1.859000,107.400000,-2.600000
2021-09-15,0.800000,1.864000,106.400000,-1.000000
2021-09-16,0.840000,1.881000,104.100000,-2.300000
2021-09-17,0.862000,1.903000,104.100000,0.000000
2021-09-20,0.826000,1.848000,102.200000,-1.900000
2021-09-21,0.834000,1.860000,102.600000,0.400000
2021-09-22,0.854000,1.813000,95.900000,-6.700000
2021-09-23,0.948000,1.946000,99.800000,3.900000
2021-09-24,0.948000,1.985000,103.700000,3.900000
2021-09-27,0.988000,2.001000,101.300000,-2.400000
2021-09-28,1.024000,2.096000,107.200000,5.900000
2021-09-29,0.995000,2.069000,107.400000,0.200000
2021-09-30,0.971000,2.050000,107.900000,0.500000
2021-10-01,0.930000,2.033000,110.300000,2.400000
2021-10-04,0.946000,2.045000,109.900000,-0.400000
2021-10-05,0.976000,2.098000,112.200000,2.300000
2021-10-06,0.988000,2.082000,109.400000,-2.800000
2021-10-07,1.025000,2.128000,110.300000,0.900000
2021-10-08,1.056000,2.165000,110.900000,0.600000
2021-10-11,1.092000,2.173000,108.100000,-2.800000
2021-10-12,1.071000,2.090000,101.900000,-6.200000
2021-10-13,1.074000,2.034000,96.000000,-5.900000
2021-10-14,1.053000,2.020000,96.700000,0.700000
2021-10-15,1.124000,2.046000,92.200000,-4.500000
2021-10-18,1.165000,2.025000,86.000000,-6.200000
2021-10-19,1.165000,2.090000,92.500000,6.500000
2021-10-20,1.167000,2.136000,96.900000,4.400000
2021-10-21,1.235000,2.144000,90.900000,-6.000000
2021-10-22,1.201000,2.071000,87.000000,-3.900000
2021-10-25,1.171000,2.083000,91.200000,4.200000
2021-10-26,1.178000,2.039000,86.100000,-5.100000
2021-10-27,1.150000,1.960000,81.000000,-5.100000
2021-10-28,1.183000,1.979000,79.600000,-1.400000
2021-10-29,1.185000,1.939000,75.400000,-4.200000
2021-11-01,1.181000,1.961000,78.000000,2.600000
2021-11-02,1.143000,1.958000,81.500000,3.500000
2021-11-03,1.190000,2.024000,83.400000,1.900000
2021-11-04,1.114000,1.965000,85.100000,1.700000
2021-11-05,1.056000,1.888000,83.200000,-1.900000
2021-11-08,1.122000,1.890000,76.800000,-6.400000
2021-11-09,1.081000,1.822000,74.100000,-2.700000
2021-11-10,1.226000,1.924000,69.800000,-4.300000
2021-11-11,1.255000,1.915000,66.000000,-3.800000
2021-11-12,1.228000,1.938000,71.000000,5.000000
2021-11-15,1.255000,1.997000,74.200000,3.200000
2021-11-16,1.270000,2.033000,76.300000,2.100000
2021-11-17,1.229000,1.968000,73.900000,-2.400000
2021-11-18,1.220000,1.973000,75.300000,1.400000
2021-11-19,1.223000,1.911000,68.800000,-6.500000
2021-11-22,1.323000,1.973000,65.000000,-3.800000
2021-11-23,1.344000,2.031000,68.700000,3.700000
2021-11-24,1.346000,1.968000,62.200000,-6.500000
2021-11-25,1.300000,1.934000,63.400000,1.200000
2021-11-26,1.169000,1.827000,65.800000,2.400000
2021-11-29,1.158000,1.856000,69.800000,4.000000
2021-11-30,1.168000,1.803000,63.500000,-6.300000
2021-12-01,1.132000,1.745000,61.300000,-2.200000
2021-12-02,1.202000,1.766000,56.400000,-4.900000
2021-12-03,1.140000,1.684000,54.400000,-2.000000
2021-12-06,1.205000,1.770000,56.500000,2.100000
2021-12-07,1.260000,1.809000,54.900000,-1.600000
2021-12-08,1.281000,1.893000,61.200000,6.300000
2021-12-09,1.268000,1.875000,60.700000,-0.500000
2021-12-10,1.247000,1.882000,63.500000,2.800000
2021-12-13,1.203000,1.799000,59.600000,-3.900000
2021-12-14,1.234000,1.827000,59.300000,-0.300000
2021-12-15,1.245000,1.858000,61.300000,2.000000
2021-12-16,1.175000,1.867000,69.200000,7.900000
2021-12-17,1.178000,1.810000,63.200000,-6.000000
2021-12-20,1.172000,1.856000,68.400000,5.200000
2021-12-21,1.220000,1.871000,65.100000,-3.300000
2021-12-22,1.216000,1.852000,63.600000,-1.500000
2021-12-23,1.243000,1.905000,66.200000,2.600000
2021-12-27,1.250000,1.882000,63.200000,-3.000000
2021-12-28,1.247000,1.904000,65.700000,2.500000
2021-12-29,1.300000,1.967000,66.700000,1.000000
2021-12-30,1.265000,1.914000,64.900000,-1.800000
2021-12-31,1.263000,1.905000,64.200000,-0.700000
2022-01-03,1.360000,2.031000,67.100000,2.900000
2022-01-04,1.360000,2.059000,69.900000,2.800000
2022-01-05,1.426000,2.092000,66.600000,-3.300000
2022-01-06,1.474000,2.084000,61.000000,-5.600000
2022-01-07,1.504000,2.117000,61.300000,0.300000
2022-01-10,1.515000,2.088000,57.300000,-4.000000
2022-01-11,1.507000,2.076000,56.900000,-0.400000
2022-01-12,1.521000,2.095000,57.400000,0.500000
2022-01-13,1.471000,2.041000,57.000000,-0.400000
2022-01-14,1.559000,2.127000,56.800000,-0.200000
2022-01-17,1.593000,2.137000,54.400000,-2.400000
2022-01-18,1.661000,2.189000,52.800000,-1.600000
2022-01-19,1.640000,2.172000,53.200000,0.400000
2022-01-20,1.592000,2.124000,53.200000,-0.000000
2022-01-21,1.572000,2.085000,51.300000,-1.900000
2022-01-24,1.551000,2.116000,56.500000,5.200000
2022-01-25,1.564000,2.119000,55.500000,-1.000000
2022-01-26,1.689000,2.175000,48.600000,-6.900000
2022-01-27,1.662000,2.091000,42.900000,-5.700000
2022-01-28,1.621000,2.080000,45.900000,3.000000
2022-01-31,1.614000,2.116000,50.200000,4.300000
2022-02-01,1.623000,2.117000,49.400000,-0.800000
2022-02-02,1.603000,2.106000,50.300000,0.900000
2022-02-03,1.674000,2.156000,48.200000,-2.100000
2022-02-04,1.773000,2.213000,44.000000,-4.200000
2022-02-07,1.767000,2.218000,45.100000,1.100000
2022-02-08,1.817000,2.260000,44.300000,-0.800000
2022-02-09,1.822000,2.251000,42.900000,-1.400000
2022-02-10,1.966000,2.323000,35.700000,-7.200000
2022-02-11,1.832000,2.234000,40.200000,4.500000
2022-02-14,1.908000,2.285000,37.700000,-2.500000
2022-02-15,1.937000,2.362000,42.500000,4.800000
2022-02-16,1.922000,2.342000,42.000000,-0.500000
2022-02-17,1.847000,2.297000,45.000000,3.000000
2022-02-18,1.819000,2.242000,42.300000,-2.700000
2022-02-21,1.767000,2.209000,44.200000,1.900000
2022-02-22,1.868000,2.242000,37.400000,-6.800000
2022-02-23,1.910000,2.302000,39.200000,1.800000
2022-02-24,1.865000,2.283000,41.800000,2.600000
2022-02-25,1.870000,2.285000,41.500000,-0.300000
2022-02-28,1.713000,2.159000,44.600000,3.100000
2022-03-01,1.570000,2.109000,53.900000,9.300000
2022-03-02,1.757000,2.254000,49.700000,-4.200000
2022-03-03,1.731000,2.226000,49.500000,-0.200000
2022-03-04,1.647000,2.162000,51.500000,2.000000
2022-03-07,1.702000,2.184000,48.200000,-3.300000
2022-03-08,1.776000,2.219000,44.300000,-3.900000
2022-03-09,1.880000,2.331000,45.100000,0.800000
2022-03-10,1.925000,2.373000,44.800000,-0.300000
2022-03-11,1.950000,2.354000,40.400000,-4.400000
2022-03-14,2.097000,2.481000,38.400000,-2.000000
2022-03-15,2.107000,2.484000,37.700000,-0.700000
2022-03-16,2.188000,2.463000,27.500000,-10.200000
2022-03-17,2.142000,2.461000,31.900000,4.400000
2022-03-18,2.146000,2.421000,27.500000,-4.400000
2022-03-21,2.324000,2.520000,19.600000,-7.900000
2022-03-22,2.400000,2.603000,20.300000,0.700000
2022-03-23,2.315000,2.480000,16.500000,-3.800000
2022-03-24,2.398000,2.532000,13.400000,-3.100000
2022-03-25,2.561000,2.602000,4.100000,-9.300000
2022-03-28,2.563000,2.550000,-1.300000,-5.400000
2022-03-29,2.502000,2.503000,0.100000,1.400000
2022-03-30,2.442000,2.480000,3.800000,3.700000
2022-03-31,2.465000,2.453000,-1.200000,-5.000000
2022-04-01,2.565000,2.435000,-13.000000,-11.800000
2022-04-04,2.545000,2.456000,-8.900000,4.100000
2022-04-05,2.704000,2.582000,-12.200000,-3.300000
2022-04-06,2.689000,2.623000,-6.600000,5.600000
2022-04-07,2.716000,2.685000,-3.100000,3.500000
2022-04-08,2.756000,2.721000,-3.500000,-0.400000
2022-04-11,2.785000,2.805000,2.000000,5.500000
2022-04-12,2.696000,2.806000,11.000000,9.000000
2022-04-13,2.661000,2.812000,15.100000,4.100000
2022-04-14,2.786000,2.919000,13.300000,-1.800000
2022-04-18,2.789000,2.946000,15.700000,2.400000
2022-04-19,2.918000,2.993000,7.500000,-8.200000
2022-04-20,2.862000,2.874000,1.200000,-6.300000
2022-04-21,2.964000,2.927000,-3.700000,-4.900000
2022-04-22,2.940000,2.951000,1.100000,4.800000
2022-04-25,2.859000,2.886000,2.700000,1.600000
2022-04-26,2.739000,2.835000,9.600000,6.900000
2022-04-27,2.825000,2.913000,8.800000,-0.800000
2022-04-28,2.848000,2.902000,5.400000,-3.400000
2022-04-29,2.962000,2.996000,3.400000,-2.000000
2022-05-02,3.003000,3.029000,2.600000,-0.800000
2022-05-03,3.027000,3.018000,-0.900000,-3.500000
2022-05-04,2.926000,3.040000,11.400000,12.300000
2022-05-05,3.007000,3.119000,11.200000,-0.200000
2022-05-06,3.079000,3.238000,15.900000,4.700000
2022-05-09,2.942000,3.156000,21.400000,5.500000
2022-05-10,2.908000,3.127000,21.900000,0.500000
2022-05-11,2.898000,3.045000,14.700000,-7.200000
2022-05-12,2.838000,3.023000,18.500000,3.800000
2022-05-13,2.874000,3.088000,21.400000,2.900000
2022-05-16,2.825000,3.103000,27.800000,6.400000
2022-05-17,2.967000,3.194000,22.700000,-5.100000
2022-05-18,2.888000,3.070000,18.200000,-4.500000
2022-05-19,2.837000,3.049000,21.200000,3.000000
2022-05-20,2.806000,2.993000,18.700000,-2.500000
2022-05-23,2.876000,3.065000,18.900000,0.200000
2022-05-24,2.743000,2.970000,22.700000,3.800000
2022-05-25,2.726000,2.975000,24.900000,2.200000
2022-05-26,2.706000,2.974000,26.800000,1.900000
2022-05-27,2.724000,2.971000,24.700000,-2.100000
2022-05-30,2.807000,3.019000,21.200000,-3.500000
2022-05-31,2.821000,3.056000,23.500000,2.300000
2022-06-01,2.916000,3.062000,14.600000,-8.900000
2022-06-02,2.911000,3.079000,16.800000,2.200000
2022-06-03,2.937000,3.095000,15.800000,-1.000000
2022-06-06,3.037000,3.191000,15.400000,-0.400000
2022-06-07,2.991000,3.131000,14.000000,-1.400000
2022-06-08,3.036000,3.177000,14.100000,0.100000
2022-06-09,3.070000,3.165000,9.500000,-4.600000
2022-06-10,3.264000,3.203000,-6.100000,-15.600000
2022-06-13,3.482000,3.355000,-12.700000,-6.600000
2022-06-14,3.601000,3.431000,-17.000000,-4.300000
2022-06-15,3.373000,3.333000,-4.000000,13.000000
2022-06-16,3.286000,3.243000,-4.300000,-0.300000
2022-06-17,3.344000,3.282000,-6.200000,-1.900000
2022-06-20,3.389000,3.345000,-4.400000,1.800000
2022-06-21,3.365000,3.349000,-1.600000,2.800000
2022-06-22,3.234000,3.248000,1.400000,3.000000
2022-06-23,3.141000,3.206000,6.500000,5.100000
2022-06-24,3.188000,3.265000,7.700000,1.200000
2022-06-27,3.260000,3.314000,5.400000,-2.300000
2022-06-28,3.235000,3.284000,4.900000,-0.500000
2022-06-29,3.139000,3.215000,7.600000,2.700000
2022-06-30,3.043000,3.184000,14.100000,6.500000
2022-07-01,2.884000,3.116000,23.200000,9.100000
2022-07-04,2.916000,3.161000,24.500000,1.300000
2022-07-05,2.824000,3.049000,22.500000,-2.000000
2022-07-06,2.980000,3.127000,14.700000,-7.800000
2022-07-07,3.039000,3.188000,14.900000,0.200000
2022-07-08,3.122000,3.252000,13.000000,-1.900000
2022-07-11,3.053000,3.175000,12.200000,-0.800000
2022-07-12,3.020000,3.159000,13.900000,1.700000
2022-07-13,3.028000,3.116000,8.800000,-5.100000
2022-07-14,3.063000,3.108000,4.500000,-4.300000
2022-07-15,3.048000,3.091000,4.300000,-0.200000
2022-07-18,3.104000,3.164000,6.000000,1.700000
2022-07-19,3.160000,3.183000,2.300000,-3.700000
2022-07-20,3.167000,3.165000,-0.200000,-2.500000
2022-07-21,2.989000,3.053000,6.400000,6.600000
2022-07-22,2.848000,2.976000,12.800000,6.400000
2022-07-25,2.888000,3.029000,14.100000,1.300000
2022-07-26,2.900000,3.023000,12.300000,-1.800000
2022-07-27,2.836000,3.069000,23.300000,11.000000
2022-07-28,2.698000,3.017000,31.900000,8.600000
2022-07-29,2.681000,3.012000,33.100000,1.200000
2022-08-01,2.654000,2.916000,26.200000,-6.900000
2022-08-02,2.858000,3.010000,15.200000,-11.000000
2022-08-03,2.829000,2.952000,12.300000,-2.900000
2022-08-04,2.797000,2.977000,18.000000,5.700000
2022-08-05,2.957000,3.066000,10.900000,-7.100000
2022-08-08,2.906000,2.976000,7.000000,-3.900000
2022-08-09,2.961000,2.996000,3.500000,-3.500000
2022-08-10,2.927000,3.037000,11.000000,7.500000
2022-08-11,2.992000,3.182000,19.000000,8.000000
2022-08-12,2.965000,3.114000,14.900000,-4.100000
2022-08-15,2.907000,3.104000,19.700000,4.800000
2022-08-16,2.961000,3.090000,12.900000,-6.800000
2022-08-17,3.053000,3.155000,10.200000,-2.700000
2022-08-18,3.032000,3.143000,11.100000,0.900000
2022-08-19,3.097000,3.215000,11.800000,0.700000
2022-08-22,3.165000,3.231000,6.600000,-5.200000
2022-08-23,3.179000,3.263000,8.400000,1.800000
2022-08-24,3.237000,3.316000,7.900000,-0.500000
2022-08-25,3.159000,3.241000,8.200000,0.300000
2022-08-26,3.191000,3.189000,-0.200000,-8.400000
2022-08-29,3.261000,3.247000,-1.400000,-1.200000
2022-08-30,3.272000,3.226000,-4.600000,-3.200000
2022-08-31,3.353000,3.299000,-5.400000,-0.800000
2022-09-01,3.404000,3.364000,-4.000000,1.400000
2022-09-02,3.298000,3.348000,5.000000,9.000000
2022-09-05,3.336000,3.367000,3.100000,-1.900000
2022-09-06,3.454000,3.500000,4.600000,1.500000
2022-09-07,3.360000,3.415000,5.500000,0.900000
2022-09-08,3.428000,3.477000,4.900000,-0.600000
2022-09-09,3.437000,3.449000,1.200000,-3.700000
2022-09-12,3.453000,3.509000,5.600000,4.400000
2022-09-13,3.577000,3.490000,-8.700000,-14.300000
2022-09-14,3.600000,3.460000,-14.000000,-5.300000
2022-09-15,3.662000,3.470000,-19.200000,-5.200000
2022-09-16,3.636000,3.520000,-11.600000,7.600000
2022-09-19,3.689000,3.516000,-17.300000,-5.700000
2022-09-20,3.752000,3.575000,-17.700000,-0.400000
2022-09-21,3.768000,3.507000,-26.100000,-8.400000
2022-09-22,3.929000,3.638000,-29.100000,-3.000000
2022-09-23,3.977000,3.610000,-36.700000,-7.600000
2022-09-26,4.199000,3.747000,-45.200000,-8.500000
2022-09-27,4.195000,3.826000,-36.900000,8.300000
2022-09-28,3.951000,3.697000,-25.400000,11.500000
2022-09-29,4.017000,3.715000,-30.200000,-4.800000
2022-09-30,4.087000,3.781000,-30.600000,-0.400000
2022-10-03,3.882000,3.677000,-20.500000,10.100000
2022-10-04,3.854000,3.704000,-15.000000,5.500000
2022-10-05,3.964000,3.751000,-21.300000,-6.300000
2022-10-06,4.072000,3.788000,-28.400000,-7.100000
2022-10-07,4.149000,3.848000,-30.100000,-1.700000
2022-10-10,4.174000,3.937000,-23.700000,6.400000
2022-10-11,4.172000,3.918000,-25.400000,-1.700000
2022-10-12,4.121000,3.884000,-23.700000,1.700000
2022-10-13,4.207000,3.930000,-27.700000,-4.000000
2022-10-14,4.269000,3.994000,-27.500000,0.200000
2022-10-17,4.232000,4.019000,-21.300000,6.200000
2022-10-18,4.222000,4.027000,-19.500000,1.800000
2022-10-19,4.359000,4.129000,-23.000000,-3.500000
2022-10-20,4.448000,4.220000,-22.800000,0.200000
2022-10-21,4.348000,4.337000,-1.100000,21.700000
2022-10-24,4.366000,4.386000,2.000000,3.100000
2022-10-25,4.259000,4.250000,-0.900000,-2.900000
2022-10-26,4.188000,4.145000,-4.300000,-3.400000
2022-10-27,4.066000,4.089000,2.300000,6.600000
2022-10-28,4.181000,4.135000,-4.600000,-6.900000
2022-10-31,4.230000,4.163000,-6.700000,-2.100000
2022-11-01,4.272000,4.099000,-17.300000,-10.600000
2022-11-02,4.304000,4.132000,-17.200000,0.100000
2022-11-03,4.366000,4.184000,-18.200000,-1.000000
2022-11-04,4.331000,4.256000,-7.500000,10.700000
2022-11-07,4.395000,4.321000,-7.400000,0.100000
2022-11-08,4.297000,4.272000,-2.500000,4.900000
2022-11-09,4.244000,4.272000,2.800000,5.300000
2022-11-10,3.936000,4.059000,12.300000,9.500000
2022-11-14,3.995000,4.045000,5.000000,-7.300000
2022-11-15,3.901000,3.963000,6.200000,1.200000
2022-11-16,3.854000,3.844000,-1.000000,-7.200000
2022-11-17,3.937000,3.878000,-5.900000,-4.900000
2022-11-18,4.009000,3.927000,-8.200000,-2.300000
2022-11-21,4.024000,3.907000,-11.700000,-3.500000
2022-11-22,3.948000,3.831000,-11.700000,0.000000
2022-11-23,3.877000,3.725000,-15.200000,-3.500000
2022-11-24,3.842000,3.711000,-13.100000,2.100000
2022-11-25,3.870000,3.751000,-11.900000,1.200000
2022-11-28,3.873000,3.723000,-15.000000,-3.100000
2022-11-29,3.925000,3.801000,-12.400000,2.600000
2022-11-30,3.752000,3.745000,-0.700000,11.700000
2022-12-01,3.666000,3.604000,-6.200000,-5.500000
2022-12-02,3.659000,3.548000,-11.100000,-4.900000
2022-12-05,3.788000,3.589000,-19.900000,-8.800000
2022-12-06,3.750000,3.545000,-20.500000,-0.600000
2022-12-07,3.628000,3.433000,-19.500000,1.000000
2022-12-08,3.712000,3.440000,-27.200000,-7.700000
2022-12-09,3.772000,3.568000,-20.400000,6.800000
2022-12-12,3.791000,3.579000,-21.200000,-0.800000
2022-12-13,3.646000,3.536000,-11.000000,10.200000
2022-12-14,3.616000,3.536000,-8.000000,3.000000
2022-12-15,3.621000,3.498000,-12.300000,-4.300000
2022-12-16,3.622000,3.543000,-7.900000,4.400000
2022-12-19,3.719000,3.635000,-8.400000,-0.500000
2022-12-20,3.794000,3.750000,-4.400000,4.000000
2022-12-21,3.778000,3.727000,-5.100000,-0.700000
2022-12-22,3.806000,3.744000,-6.200000,-1.100000
2022-12-23,3.862000,3.827000,-3.500000,2.700000
2022-12-26,3.857000,3.822000,-3.500000,0.000000
2022-12-27,3.945000,3.934000,-1.100000,2.400000
2022-12-28,3.973000,3.975000,0.200000,1.300000
2022-12-29,3.944000,3.904000,-4.000000,-4.200000
2022-12-30,4.000000,3.975000,-2.500000,1.500000
2023-01-02,3.999000,3.975000,-2.400000,0.100000
2023-01-03,3.906000,3.852000,-5.400000,-3.000000
2023-01-04,3.845000,3.807000,-3.800000,1.600000
2023-01-05,3.920000,3.792000,-12.800000,-9.000000
2023-01-06,3.705000,3.684000,-2.100000,10.700000
2023-01-09,3.667000,3.651000,-1.600000,0.500000
2023-01-10,3.724000,3.746000,2.200000,3.800000
2023-01-11,3.661000,3.670000,0.900000,-1.300000
2023-01-12,3.537000,3.574000,3.700000,2.800000
2023-01-13,3.597000,3.609000,1.200000,-2.500000
2023-01-16,3.619000,3.647000,2.800000,1.600000
2023-01-17,3.619000,3.661000,4.200000,1.400000
2023-01-18,3.438000,3.540000,10.200000,6.000000
2023-01-19,3.486000,3.569000,8.300000,-1.900000
2023-01-20,3.565000,3.649000,8.400000,0.100000
2023-01-23,3.622000,3.686000,6.400000,-2.000000
2023-01-24,3.575000,3.604000,2.900000,-3.500000
2023-01-25,3.556000,3.603000,4.700000,1.800000
2023-01-26,3.602000,3.642000,4.000000,-0.700000
2023-01-27,3.612000,3.626000,1.400000,-2.600000
2023-01-30,3.665000,3.651000,-1.400000,-2.800000
2023-01-31,3.619000,3.635000,1.600000,3.000000
2023-02-01,3.502000,3.572000,7.000000,5.400000
2023-02-02,3.490000,3.555000,6.500000,-0.500000
2023-02-03,3.652000,3.616000,-3.600000,-10.100000
2023-02-06,3.830000,3.676000,-15.400000,-11.800000
2023-02-07,3.839000,3.716000,-12.300000,3.100000
2023-02-08,3.790000,3.672000,-11.800000,0.500000
2023-02-09,3.860000,3.733000,-12.700000,-0.900000
2023-02-10,3.930000,3.828000,-10.200000,2.500000
2023-02-13,3.912000,3.776000,-13.600000,-3.400000
2023-02-14,4.004000,3.781000,-22.300000,-8.700000
2023-02-15,4.035000,3.836000,-19.900000,2.400000
2023-02-16,4.075000,3.918000,-15.700000,4.200000
2023-02-17,4.027000,3.866000,-16.100000,-0.400000
2023-02-20,4.072000,3.888000,-18.400000,-2.300000
2023-02-21,4.174000,3.970000,-20.400000,-2.000000
2023-02-22,4.164000,3.922000,-24.200000,-3.800000
2023-02-23,4.117000,3.890000,-22.700000,1.500000
2023-02-24,4.212000,3.930000,-28.200000,-5.500000
2023-02-27,4.171000,3.932000,-23.900000,4.300000
2023-02-28,4.185000,3.924000,-26.100000,-2.200000
2023-03-01,4.258000,3.955000,-30.300000,-4.200000
2023-03-02,4.314000,4.001000,-31.300000,-1.000000
2023-03-03,4.249000,3.878000,-37.100000,-5.800000
2023-03-06,4.255000,3.899000,-35.600000,1.500000
2023-03-07,4.315000,3.877000,-43.800000,-8.200000
2023-03-08,4.345000,3.891000,-45.400000,-1.600000
2023-03-09,4.189000,3.857000,-33.200000,12.200000
2023-03-10,3.970000,3.712000,-25.800000,7.400000
2023-03-13,3.682000,3.694000,1.200000,27.000000
2023-03-14,3.848000,3.805000,-4.300000,-5.500000
2023-03-15,3.563000,3.649000,8.600000,12.900000
2023-03-16,3.733000,3.712000,-2.100000,-10.700000
2023-03-17,3.507000,3.627000,12.000000,14.100000
2023-03-20,3.584000,3.668000,8.400000,-3.600000
2023-03-21,3.748000,3.728000,-2.000000,-10.400000
2023-03-22,3.534000,3.670000,13.600000,15.600000
2023-03-23,3.431000,3.681000,25.000000,11.400000
2023-03-24,3.408000,3.644000,23.600000,-1.400000
2023-03-27,3.600000,3.769000,16.900000,-6.700000
2023-03-28,3.674000,3.777000,10.300000,-6.600000
2023-03-29,3.682000,3.765000,8.300000,-2.000000
2023-03-30,3.680000,3.730000,5.000000,-3.300000
2023-03-31,3.584000,3.651000,6.700000,1.700000
2023-04-03,3.508000,3.633000,12.500000,5.800000
2023-04-04,3.388000,3.595000,20.700000,8.200000
2023-04-05,3.371000,3.570000,19.900000,-0.800000
2023-04-06,3.374000,3.548000,17.400000,-2.500000
2023-04-07,3.516000,3.623000,10.700000,-6.700000
2023-04-10,3.519000,3.627000,10.800000,0.100000
2023-04-11,3.535000,3.625000,9.000000,-1.800000
2023-04-12,3.466000,3.635000,16.900000,7.900000
2023-04-13,3.500000,3.686000,18.600000,1.700000
2023-04-14,3.604000,3.737000,13.300000,-5.300000
2023-04-17,3.707000,3.817000,11.000000,-2.300000
2023-04-18,3.680000,3.787000,10.700000,-0.300000
2023-04-19,3.703000,3.782000,7.900000,-2.800000
2023-04-20,3.630000,3.744000,11.400000,3.500000
2023-04-21,3.661000,3.771000,11.000000,-0.400000
2023-04-24,3.576000,3.713000,13.700000,2.700000
2023-04-25,3.447000,3.656000,20.900000,7.200000
2023-04-26,3.494000,3.705000,21.100000,0.200000
2023-04-27,3.598000,3.756000,15.800000,-5.300000
2023-04-28,3.498000,3.682000,18.400000,2.600000
2023-05-01,3.633000,3.809000,17.600000,-0.800000
2023-05-02,3.469000,3.714000,24.500000,6.900000
2023-05-03,3.346000,3.693000,34.700000,10.200000
2023-05-04,3.325000,3.730000,40.500000,5.800000
2023-05-05,3.410000,3.750000,34.000000,-6.500000
2023-05-08,3.488000,3.823000,33.500000,-0.500000
2023-05-09,3.498000,3.843000,34.500000,1.000000
2023-05-10,3.379000,3.796000,41.700000,7.200000
2023-05-11,3.355000,3.740000,38.500000,-3.200000
2023-05-12,3.446000,3.783000,33.700000,-4.800000
2023-05-15,3.470000,3.844000,37.400000,3.700000
2023-05-16,3.529000,3.858000,32.900000,-4.500000
2023-05-17,3.588000,3.860000,27.200000,-5.700000
2023-05-18,3.688000,3.910000,22.200000,-5.000000
2023-05-19,3.739000,3.935000,19.600000,-2.600000
2023-05-22,3.765000,3.967000,20.200000,0.600000
2023-05-23,3.743000,3.952000,20.900000,0.700000
2023-05-24,3.817000,3.987000,17.000000,-3.900000
2023-05-25,3.918000,3.995000,7.700000,-9.300000
2023-05-26,3.938000,3.969000,3.100000,-4.600000
2023-05-29,3.917000,3.923000,0.600000,-2.500000
2023-05-30,3.814000,3.897000,8.300000,7.700000
2023-05-31,3.758000,3.859000,10.100000,1.800000
2023-06-01,3.699000,3.819000,12.000000,1.900000
2023-06-02,3.851000,3.889000,3.800000,-8.200000
2023-06-05,3.825000,3.889000,6.400000,2.600000
2023-06-06,3.830000,3.853000,2.300000,-4.100000
2023-06-07,3.935000,3.948000,1.300000,-1.000000
2023-06-08,3.858000,3.886000,2.800000,1.500000
2023-06-09,3.915000,3.883000,-3.200000,-6.000000
2023-06-12,3.902000,3.888000,-1.400000,1.800000
2023-06-13,4.001000,3.932000,-6.900000,-5.500000
2023-06-14,3.994000,3.879000,-11.500000,-4.600000
2023-06-15,3.913000,3.840000,-7.300000,4.200000
2023-06-16,3.986000,3.853000,-13.300000,-6.000000
2023-06-19,4.031000,3.910000,-12.100000,1.200000
2023-06-20,3.944000,3.812000,-13.200000,-1.100000
2023-06-21,3.962000,3.810000,-15.200000,-2.000000
2023-06-22,4.044000,3.870000,-17.400000,-2.200000
2023-06-23,3.994000,3.814000,-18.000000,-0.600000
2023-06-26,3.970000,3.816000,-15.400000,2.600000
2023-06-27,4.038000,3.846000,-19.200000,-3.800000
2023-06-28,3.970000,3.812000,-15.800000,3.400000
2023-06-29,4.131000,3.899000,-23.200000,-7.400000
2023-06-30,4.157000,3.864000,-29.300000,-6.100000
2023-07-03,4.191000,3.870000,-32.100000,-2.800000
2023-07-04,4.161000,3.856000,-30.500000,1.600000
2023-07-05,4.249000,3.927000,-32.200000,-1.700000
2023-07-06,4.350000,3.999000,-35.100000,-2.900000
2023-07-07,4.358000,4.047000,-31.100000,4.000000
2023-07-10,4.239000,4.038000,-20.100000,11.000000
2023-07-11,4.239000,4.014000,-22.500000,-2.400000
2023-07-12,4.075000,3.953000,-12.200000,10.300000
2023-07-13,3.947000,3.905000,-4.200000,8.000000
2023-07-14,4.045000,3.926000,-11.900000,-7.700000
2023-07-17,4.017000,3.931000,-8.600000,3.300000
2023-07-18,4.005000,3.899000,-10.600000,-2.000000
2023-07-19,3.982000,3.841000,-14.100000,-3.500000
2023-07-20,4.105000,3.913000,-19.200000,-5.100000
2023-07-21,4.095000,3.900000,-19.500000,-0.300000
2023-07-24,4.157000,3.928000,-22.900000,-3.400000
2023-07-25,4.168000,3.936000,-23.200000,-0.300000
2023-07-26,4.116000,3.944000,-17.200000,6.000000
2023-07-27,4.235000,4.040000,-19.500000,-2.300000
2023-07-28,4.183000,4.013000,-17.000000,2.500000
2023-07-31,4.184000,4.014000,-17.000000,0.000000
2023-08-01,4.227000,4.102000,-12.500000,4.500000
2023-08-02,4.244000,4.184000,-6.000000,6.500000
2023-08-03,4.292000,4.296000,0.400000,6.400000
2023-08-04,4.139000,4.203000,6.400000,6.000000
2023-08-07,4.170000,4.272000,10.200000,3.800000
2023-08-08,4.114000,4.212000,9.800000,-0.400000
2023-08-09,4.139000,4.175000,3.600000,-6.200000
2023-08-10,4.234000,4.255000,2.100000,-1.500000
2023-08-11,4.303000,4.264000,-3.900000,-6.000000
2023-08-14,4.372000,4.299000,-7.300000,-3.400000
2023-08-15,4.378000,4.321000,-5.700000,1.600000
2023-08-16,4.406000,4.356000,-5.000000,0.700000
2023-08-17,4.414000,4.393000,-2.100000,2.900000
2023-08-18,4.384000,4.375000,-0.900000,1.200000
2023-08-21,4.468000,4.450000,-1.800000,-0.900000
2023-08-22,4.493000,4.406000,-8.700000,-6.900000
2023-08-23,4.372000,4.269000,-10.300000,-1.600000
2023-08-24,4.415000,4.303000,-11.200000,-0.900000
2023-08-25,4.437000,4.279000,-15.800000,-4.600000
2023-08-28,4.406000,4.279000,-12.700000,3.100000
2023-08-29,4.275000,4.226000,-4.900000,7.800000
2023-08-30,4.266000,4.223000,-4.300000,0.600000
2023-08-31,4.249000,4.209000,-4.000000,0.300000
2023-09-01,4.296000,4.297000,0.100000,4.100000
2023-09-04,4.326000,4.317000,-0.900000,-1.000000
2023-09-05,4.377000,4.375000,-0.200000,0.700000
2023-09-06,4.440000,4.365000,-7.500000,-7.300000
2023-09-07,4.375000,4.342000,-3.300000,4.200000
2023-09-08,4.399000,4.334000,-6.500000,-3.200000
2023-09-11,4.415000,4.376000,-3.900000,2.600000
2023-09-12,4.426000,4.352000,-7.400000,-3.500000
2023-09-13,4.385000,4.345000,-4.000000,3.400000
2023-09-14,4.419000,4.380000,-3.900000,0.100000
2023-09-15,4.465000,4.421000,-4.400000,-0.500000
2023-09-18,4.449000,4.383000,-6.600000,-2.200000
2023-09-19,4.513000,4.429000,-8.400000,-1.800000
2023-09-20,4.573000,4.440000,-13.300000,-4.900000
2023-09-21,4.619000,4.578000,-4.100000,9.200000
2023-09-22,4.566000,4.529000,-3.700000,0.400000
2023-09-25,4.612000,4.648000,3.600000,7.300000
2023-09-26,4.620000,4.687000,6.700000,3.100000
2023-09-27,4.685000,4.717000,3.200000,-3.500000
2023-09-28,4.628000,4.707000,7.900000,4.700000
2023-09-29,4.616000,4.709000,9.300000,1.400000
2023-10-02,4.714000,4.796000,8.200000,-1.100000
2023-10-03,4.799000,4.923000,12.400000,4.200000
2023-10-04,4.726000,4.863000,13.700000,1.300000
2023-10-05,4.689000,4.891000,20.200000,6.500000
2023-10-06,4.751000,4.960000,20.900000,0.700000
2023-10-09,4.573000,4.817000,24.400000,3.500000
2023-10-10,4.614000,4.838000,22.400000,-2.000000
2023-10-11,4.575000,4.697000,12.200000,-10.200000
2023-10-12,4.694000,4.855000,16.100000,3.900000
2023-10-13,4.644000,4.756000,11.200000,-4.900000
2023-10-16,4.712000,4.847000,13.500000,2.300000
2023-10-17,4.870000,4.925000,5.500000,-8.000000
2023-10-18,4.932000,4.997000,6.500000,1.000000
2023-10-19,4.954000,5.109000,15.500000,9.000000
2023-10-20,4.854000,5.078000,22.400000,6.900000
2023-10-23,4.795000,5.003000,20.800000,-1.600000
2023-10-24,4.815000,4.931000,11.600000,-9.200000
2023-10-25,4.924000,5.093000,16.900000,5.300000
2023-10-26,4.800000,4.993000,19.300000,2.400000
2023-10-27,4.774000,5.018000,24.400000,5.100000
2023-10-30,4.818000,5.044000,22.600000,-1.800000
2023-10-31,4.846000,5.090000,24.400000,1.800000
2023-11-01,4.654000,4.923000,26.900000,2.500000
2023-11-02,4.641000,4.800000,15.900000,-11.000000
2023-11-03,4.507000,4.770000,26.300000,10.400000
2023-11-06,4.593000,4.815000,22.200000,-4.100000
2023-11-07,4.535000,4.727000,19.200000,-3.000000
2023-11-08,4.510000,4.612000,10.200000,-9.000000
2023-11-09,4.647000,4.772000,12.500000,2.300000
2023-11-10,4.680000,4.756000,7.600000,-4.900000
2023-11-13,4.661000,4.757000,9.600000,2.000000
2023-11-14,4.440000,4.630000,19.000000,9.400000
2023-11-15,4.524000,4.698000,17.400000,-1.600000
2023-11-16,4.426000,4.618000,19.200000,1.800000
2023-11-17,4.446000,4.594000,14.800000,-4.400000
2023-11-20,4.446000,4.576000,13.000000,-1.800000
2023-11-21,4.409000,4.553000,14.400000,1.400000
2023-11-22,4.433000,4.544000,11.100000,-3.300000
2023-11-23,4.477000,4.581000,10.400000,-0.700000
2023-11-24,4.492000,4.603000,11.100000,0.700000
2023-11-27,4.412000,4.541000,12.900000,1.800000
2023-11-28,4.282000,4.505000,22.300000,9.400000
2023-11-29,4.214000,4.443000,22.900000,0.600000
2023-11-30,4.273000,4.497000,22.400000,-0.500000
2023-12-01,4.141000,4.392000,25.100000,2.700000
2023-12-04,4.212000,4.413000,20.100000,-5.000000
2023-12-05,4.137000,4.298000,16.100000,-4.000000
2023-12-06,4.110000,4.220000,11.000000,-5.100000
2023-12-07,4.131000,4.254000,12.300000,1.300000
2023-12-08,4.243000,4.308000,6.500000,-5.800000
2023-12-11,4.246000,4.328000,8.200000,1.700000
2023-12-12,4.227000,4.315000,8.800000,0.600000
2023-12-13,3.976000,4.181000,20.500000,11.700000
2023-12-14,3.901000,4.042000,14.100000,-6.400000
2023-12-15,3.914000,4.012000,9.800000,-4.300000
2023-12-18,3.933000,4.048000,11.500000,1.700000
2023-12-19,3.938000,4.040000,10.200000,-1.300000
2023-12-20,3.851000,3.989000,13.800000,3.600000
2023-12-21,3.880000,4.034000,15.400000,1.600000
2023-12-22,3.879000,4.054000,17.500000,2.100000
2023-12-25,3.881000,4.056000,17.500000,0.000000
2023-12-26,3.891000,4.047000,15.600000,-1.900000
2023-12-27,3.789000,3.946000,15.700000,0.100000
2023-12-28,3.840000,3.996000,15.600000,-0.100000
2023-12-29,3.840000,4.019000,17.900000,2.300000
2024-01-01,3.840000,4.019000,17.900000,0.000000
2024-01-02,3.922000,4.083000,16.100000,-1.800000
2024-01-03,3.905000,4.070000,16.500000,0.400000
2024-01-04,3.980000,4.152000,17.200000,0.700000
2024-01-05,4.015000,4.206000,19.100000,1.900000
2024-01-08,3.986000,4.184000,19.800000,0.700000
2024-01-09,3.972000,4.185000,21.300000,1.500000
2024-01-10,3.974000,4.206000,23.200000,1.900000
2024-01-11,3.888000,4.181000,29.300000,6.100000
2024-01-12,3.832000,4.175000,34.300000,5.000000
2024-01-15,3.875000,4.217000,34.200000,-0.100000
2024-01-16,3.934000,4.297000,36.300000,2.100000
2024-01-17,4.031000,4.313000,28.200000,-8.100000
2024-01-18,4.045000,4.365000,32.000000,3.800000
2024-01-19,4.054000,4.337000,28.300000,-3.700000
2024-01-22,4.030000,4.323000,29.300000,1.000000
2024-01-23,4.042000,4.367000,32.500000,3.200000
2024-01-24,4.092000,4.411000,31.900000,-0.600000
2024-01-25,4.002000,4.370000,36.800000,4.900000
2024-01-26,4.038000,4.372000,33.400000,-3.400000
2024-01-29,3.986000,4.315000,32.900000,-0.500000
2024-01-30,3.974000,4.251000,27.700000,-5.200000
2024-01-31,3.839000,4.173000,33.400000,5.700000
2024-02-01,3.818000,4.122000,30.400000,-3.000000
2024-02-02,3.986000,4.224000,23.800000,-6.600000
2024-02-05,4.122000,4.343000,22.100000,-1.700000
2024-02-06,4.036000,4.293000,25.700000,3.600000
2024-02-07,4.064000,4.318000,25.400000,-0.300000
2024-02-08,4.119000,4.357000,23.800000,-1.600000
2024-02-09,4.142000,4.374000,23.200000,-0.600000
2024-02-12,4.139000,4.380000,24.100000,0.900000
2024-02-13,4.330000,4.472000,14.200000,-9.900000
2024-02-14,4.245000,4.439000,19.400000,5.200000
2024-02-15,4.218000,4.412000,19.400000,0.000000
2024-02-16,4.276000,4.437000,16.100000,-3.300000
2024-02-19,4.299000,4.475000,17.600000,1.500000
2024-02-20,4.254000,4.445000,19.100000,1.500000
2024-02-21,4.304000,4.479000,17.500000,-1.600000
2024-02-22,4.333000,4.464000,13.100000,-4.400000
2024-02-23,4.278000,4.366000,8.800000,-4.300000
2024-02-26,4.296000,4.399000,10.300000,1.500000
2024-02-27,4.311000,4.428000,11.700000,1.400000
2024-02-28,4.264000,4.406000,14.200000,2.500000
2024-02-29,4.252000,4.382000,13.000000,-1.200000
2024-03-01,4.162000,4.331000,16.900000,3.900000
2024-03-04,4.209000,4.352000,14.300000,-2.600000
2024-03-05,4.148000,4.290000,14.200000,-0.100000
2024-03-06,4.120000,4.241000,12.100000,-2.100000
2024-03-07,4.075000,4.247000,17.200000,5.100000
2024-03-08,4.050000,4.254000,20.400000,3.200000
2024-03-11,4.088000,4.262000,17.400000,-3.000000
2024-03-12,4.148000,4.312000,16.400000,-1.000000
2024-03-13,4.193000,4.341000,14.800000,-1.600000
2024-03-14,4.292000,4.435000,14.300000,-0.500000
2024-03-15,4.329000,4.431000,10.200000,-4.100000
2024-03-18,4.349000,4.451000,10.200000,-0.000000
2024-03-19,4.299000,4.437000,13.800000,3.600000
2024-03-20,4.248000,4.454000,20.600000,6.800000
2024-03-21,4.256000,4.435000,17.900000,-2.700000
2024-03-22,4.189000,4.380000,19.100000,1.200000
2024-03-25,4.233000,4.419000,18.600000,-0.500000
2024-03-26,4.223000,4.403000,18.000000,-0.600000
2024-03-27,4.183000,4.349000,16.600000,-1.400000
2024-03-28,4.220000,4.349000,12.900000,-3.700000
2024-04-01,4.327000,4.452000,12.500000,-0.400000
2024-04-02,4.343000,4.497000,15.400000,2.900000
2024-04-03,4.331000,4.512000,18.100000,2.700000
2024-04-04,4.294000,4.470000,17.600000,-0.500000
2024-04-05,4.391000,4.551000,16.000000,-1.600000
2024-04-08,4.430000,4.551000,12.100000,-3.900000
2024-04-09,4.375000,4.496000,12.100000,0.000000
2024-04-10,4.608000,4.624000,1.600000,-10.500000
2024-04-11,4.626000,4.675000,4.900000,3.300000
2024-04-12,4.553000,4.623000,7.000000,2.100000
2024-04-15,4.627000,4.724000,9.700000,2.700000
2024-04-16,4.698000,4.766000,6.800000,-2.900000
2024-04-17,4.619000,4.703000,8.400000,1.600000
2024-04-18,4.680000,4.735000,5.500000,-2.900000
2024-04-19,4.672000,4.713000,4.100000,-1.400000
2024-04-22,4.652000,4.715000,6.300000,2.200000
2024-04-23,4.633000,4.730000,9.700000,3.400000
2024-04-24,4.662000,4.778000,11.600000,1.900000
2024-04-25,4.719000,4.813000,9.400000,-2.200000
2024-04-26,4.687000,4.777000,9.000000,-0.400000
2024-04-29,4.643000,4.731000,8.800000,-0.200000
2024-04-30,4.715000,4.784000,6.900000,-1.900000
2024-05-01,4.660000,4.759000,9.900000,3.000000
2024-05-02,4.577000,4.734000,15.700000,5.800000
2024-05-03,4.482000,4.660000,17.800000,2.100000
2024-05-06,4.487000,4.637000,15.000000,-2.800000
2024-05-07,4.473000,4.602000,12.900000,-2.100000
2024-05-08,4.503000,4.644000,14.100000,1.200000
2024-05-09,4.472000,4.613000,14.100000,0.000000
2024-05-10,4.516000,4.642000,12.600000,-1.500000
2024-05-13,4.509000,4.632000,12.300000,-0.300000
2024-05-14,4.460000,4.592000,13.200000,0.900000
2024-05-15,4.345000,4.506000,16.100000,2.900000
2024-05-16,4.401000,4.516000,11.500000,-4.600000
2024-05-17,4.447000,4.562000,11.500000,0.000000
2024-05-20,4.470000,4.583000,11.300000,-0.200000
2024-05-21,4.432000,4.549000,11.700000,0.400000
2024-05-22,4.468000,4.542000,7.400000,-4.300000
2024-05-23,4.531000,4.583000,5.200000,-2.200000
2024-05-24,4.528000,4.573000,4.500000,-0.700000
2024-05-27,4.521000,4.571000,5.000000,0.500000
2024-05-28,4.592000,4.663000,7.100000,2.100000
2024-05-29,4.634000,4.736000,10.200000,3.100000
2024-05-30,4.569000,4.683000,11.400000,1.200000
2024-05-31,4.509000,4.650000,14.100000,2.700000
2024-06-03,4.410000,4.540000,13.000000,-1.100000
2024-06-04,4.347000,4.474000,12.700000,-0.300000
2024-06-05,4.294000,4.431000,13.700000,1.000000
2024-06-06,4.298000,4.435000,13.700000,-0.000000
2024-06-07,4.461000,4.553000,9.200000,-4.500000
2024-06-10,4.485000,4.598000,11.300000,2.100000
2024-06-11,4.417000,4.537000,12.000000,0.700000
2024-06-12,4.320000,4.479000,15.900000,3.900000
2024-06-13,4.246000,4.401000,15.500000,-0.400000
2024-06-14,4.240000,4.352000,11.200000,-4.300000
2024-06-17,4.307000,4.411000,10.400000,-0.800000
2024-06-18,4.243000,4.352000,10.900000,0.500000
2024-06-19,4.262000,4.364000,10.200000,-0.700000
2024-06-20,4.275000,4.399000,12.400000,2.200000
2024-06-21,4.273000,4.396000,12.300000,-0.100000
2024-06-24,4.255000,4.367000,11.200000,-1.100000
2024-06-25,4.276000,4.377000,10.100000,-1.100000
2024-06-26,4.346000,4.459000,11.300000,1.200000
2024-06-27,4.299000,4.425000,12.600000,1.300000
2024-06-28,4.369000,4.554000,18.500000,5.900000
2024-07-01,4.431000,4.633000,20.200000,1.700000
2024-07-02,4.398000,4.607000,20.900000,0.700000
2024-07-03,4.322000,4.523000,20.100000,-0.800000
2024-07-04,4.336000,4.543000,20.700000,0.600000
2024-07-05,4.227000,4.476000,24.900000,4.200000
2024-07-08,4.241000,4.463000,22.200000,-2.700000
2024-07-09,4.245000,4.489000,24.400000,2.200000
2024-07-10,4.237000,4.470000,23.300000,-1.100000
2024-07-11,4.144000,4.423000,27.900000,4.600000
2024-07-12,4.107000,4.400000,29.300000,1.400000
2024-07-15,4.135000,4.459000,32.400000,3.100000
2024-07-16,4.076000,4.372000,29.600000,-2.800000
2024-07-17,4.081000,4.376000,29.500000,-0.100000
2024-07-18,4.117000,4.421000,30.400000,0.900000
2024-07-19,4.170000,4.451000,28.100000,-2.300000
2024-07-22,4.175000,4.473000,29.800000,1.700000
2024-07-23,4.166000,4.487000,32.100000,2.300000
2024-07-24,4.175000,4.542000,36.700000,4.600000
2024-07-25,4.134000,4.488000,35.400000,-1.300000
2024-07-26,4.077000,4.454000,37.700000,2.300000
2024-07-29,4.073000,4.423000,35.000000,-2.700000
2024-07-30,4.035000,4.399000,36.400000,1.400000
2024-07-31,3.917000,4.306000,38.900000,2.500000
2024-08-01,3.844000,4.280000,43.600000,4.700000
2024-08-02,3.615000,4.109000,49.400000,5.800000
2024-08-05,3.625000,4.066000,44.100000,-5.300000
2024-08-06,3.743000,4.191000,44.800000,0.700000
2024-08-07,3.776000,4.253000,47.700000,2.900000
2024-08-08,3.826000,4.276000,45.000000,-2.700000
2024-08-09,3.796000,4.220000,42.400000,-2.600000
2024-08-12,3.749000,4.202000,45.300000,2.900000
2024-08-13,3.677000,4.160000,48.300000,3.000000
2024-08-14,3.682000,4.129000,44.700000,-3.600000
2024-08-15,3.797000,4.173000,37.600000,-7.100000
2024-08-16,3.757000,4.138000,38.100000,0.500000
2024-08-19,3.762000,4.124000,36.200000,-1.900000
2024-08-20,3.693000,4.061000,36.800000,0.600000
2024-08-21,3.655000,4.076000,42.100000,5.300000
2024-08-22,3.725000,4.130000,40.500000,-1.600000
2024-08-23,3.642000,4.086000,44.400000,3.900000
2024-08-26,3.669000,4.110000,44.100000,-0.300000
2024-08-27,3.655000,4.120000,46.500000,2.400000
2024-08-28,3.664000,4.128000,46.400000,-0.100000
2024-08-29,3.668000,4.150000,48.200000,1.800000
2024-08-30,3.708000,4.201000,49.300000,1.100000
2024-09-02,3.724000,4.219000,49.500000,0.200000
2024-09-03,3.639000,4.123000,48.400000,-1.100000
2024-09-04,3.556000,4.060000,50.400000,2.000000
2024-09-05,3.535000,4.019000,48.400000,-2.000000
2024-09-06,3.496000,4.024000,52.800000,4.400000
2024-09-09,3.489000,4.003000,51.400000,-1.400000
2024-09-10,3.423000,3.955000,53.200000,1.800000
2024-09-11,3.452000,3.974000,52.200000,-1.000000
2024-09-12,3.471000,3.994000,52.300000,0.100000
2024-09-13,3.435000,3.984000,54.900000,2.600000
2024-09-16,3.404000,3.931000,52.700000,-2.200000
2024-09-17,3.443000,3.960000,51.700000,-1.000000
2024-09-18,3.493000,4.031000,53.800000,2.100000
2024-09-19,3.486000,4.054000,56.800000,3.000000
2024-09-20,3.500000,4.083000,58.300000,1.500000
2024-09-23,3.506000,4.096000,59.000000,0.700000
2024-09-24,3.472000,4.086000,61.400000,2.400000
2024-09-25,3.529000,4.145000,61.600000,0.200000
2024-09-26,3.565000,4.131000,56.600000,-5.000000
2024-09-27,3.503000,4.106000,60.300000,3.700000
2024-09-30,3.564000,4.124000,56.000000,-4.300000
2024-10-01,3.509000,4.071000,56.200000,0.200000
2024-10-02,3.552000,4.128000,57.600000,1.400000
2024-10-03,3.628000,4.181000,55.300000,-2.300000
2024-10-04,3.804000,4.268000,46.400000,-8.900000
2024-10-07,3.867000,4.304000,43.700000,-2.700000
2024-10-08,3.848000,4.325000,47.700000,4.000000
2024-10-09,3.917000,4.338000,42.100000,-5.600000
2024-10-10,3.889000,4.385000,49.600000,7.500000
2024-10-11,3.898000,4.382000,48.400000,-1.200000
2024-10-15,3.854000,4.328000,47.400000,-1.000000
2024-10-16,3.846000,4.299000,45.300000,-2.100000
2024-10-17,3.904000,4.394000,49.000000,3.700000
2024-10-18,3.880000,4.382000,50.200000,1.200000
2024-10-21,3.985000,4.486000,50.100000,-0.100000
2024-10-22,4.006000,4.494000,48.800000,-1.300000
2024-10-23,4.057000,4.515000,45.800000,-3.000000
2024-10-24,4.021000,4.467000,44.600000,-1.200000
2024-10-25,4.052000,4.499000,44.700000,0.100000
2024-10-28,4.108000,4.530000,42.200000,-2.500000
2024-10-29,4.104000,4.519000,41.500000,-0.700000
2024-10-30,4.156000,4.510000,35.400000,-6.100000
2024-10-31,4.154000,4.471000,31.700000,-3.700000
2024-11-01,4.226000,4.580000,35.400000,3.700000
2024-11-04,4.148000,4.466000,31.800000,-3.600000
2024-11-05,4.156000,4.440000,28.400000,-3.400000
2024-11-06,4.269000,4.607000,33.800000,5.400000
2024-11-07,4.169000,4.530000,36.100000,2.300000
2024-11-08,4.192000,4.472000,28.000000,-8.100000
2024-11-12,4.314000,4.567000,25.300000,-2.700000
2024-11-13,4.302000,4.637000,33.500000,8.200000
2024-11-14,4.334000,4.596000,26.200000,-7.300000
2024-11-15,4.311000,4.622000,31.100000,4.900000
2024-11-18,4.276000,4.607000,33.100000,2.000000
2024-11-19,4.260000,4.582000,32.200000,-0.900000
2024-11-20,4.283000,4.599000,31.600000,-0.600000
2024-11-21,4.299000,4.598000,29.900000,-1.700000
2024-11-22,4.305000,4.594000,28.900000,-1.000000
2024-11-25,4.175000,4.463000,28.800000,-0.100000
2024-11-26,4.182000,4.465000,28.300000,-0.500000
2024-11-27,4.133000,4.438000,30.500000,2.200000
2024-11-29,4.053000,4.365000,31.200000,0.700000
2024-12-02,4.091000,4.369000,27.800000,-3.400000
2024-12-03,4.112000,4.404000,29.200000,1.400000
2024-12-04,4.070000,4.349000,27.900000,-1.300000
2024-12-05,4.074000,4.334000,26.000000,-1.900000
2024-12-06,4.031000,4.333000,30.200000,4.200000
2024-12-09,4.075000,4.387000,31.200000,1.000000
2024-12-10,4.098000,4.418000,32.000000,0.800000
2024-12-11,4.138000,4.483000,34.500000,2.500000
2024-12-12,4.192000,4.553000,36.100000,1.600000
2024-12-13,4.247000,4.600000,35.300000,-0.800000
2024-12-16,4.258000,4.604000,34.600000,-0.700000
2024-12-17,4.258000,4.585000,32.700000,-1.900000
2024-12-18,4.405000,4.680000,27.500000,-5.200000
2024-12-19,4.422000,4.738000,31.600000,4.100000
2024-12-20,4.384000,4.722000,33.800000,2.200000
2024-12-23,4.435000,4.777000,34.200000,0.400000
2024-12-24,4.437000,4.764000,32.700000,-1.500000
2024-12-26,4.435000,4.773000,33.800000,1.100000
2024-12-27,4.463000,4.821000,35.800000,2.000000
2024-12-30,4.360000,4.750000,39.000000,3.200000
2024-12-31,4.378000,4.785000,40.700000,1.700000
2025-01-02,4.371000,4.781000,41.000000,0.300000
2025-01-03,4.415000,4.814000,39.900000,-1.100000
2025-01-06,4.421000,4.849000,42.800000,2.900000
2025-01-07,4.463000,4.913000,45.000000,2.200000
2025-01-08,4.461000,4.932000,47.100000,2.100000
2025-01-09,4.454000,4.930000,47.600000,0.500000
2025-01-10,4.578000,4.949000,37.100000,-10.500000
2025-01-13,4.609000,4.968000,35.900000,-1.200000
2025-01-14,4.598000,4.977000,37.900000,2.000000
2025-01-15,4.450000,4.878000,42.800000,4.900000
2025-01-16,4.395000,4.854000,45.900000,3.100000
2025-01-17,4.429000,4.854000,42.500000,-3.400000
2025-01-21,4.391000,4.805000,41.400000,-1.100000
2025-01-22,4.438000,4.826000,38.800000,-2.600000
2025-01-23,4.451000,4.871000,42.000000,3.200000
2025-01-24,4.420000,4.843000,42.300000,0.300000
2025-01-27,4.333000,4.770000,43.700000,1.400000
2025-01-28,4.330000,4.777000,44.700000,1.000000
2025-01-29,4.337000,4.774000,43.700000,-1.000000
2025-01-30,4.323000,4.763000,44.000000,0.300000
2025-01-31,4.332000,4.793000,46.100000,2.100000
2025-02-03,4.360000,4.783000,42.300000,-3.800000
2025-02-04,4.318000,4.746000,42.800000,0.500000
2025-02-05,4.249000,4.642000,39.300000,-3.500000
2025-02-06,4.274000,4.640000,36.600000,-2.700000
2025-02-07,4.346000,4.693000,34.700000,-1.900000
2025-02-10,4.341000,4.710000,36.900000,2.200000
2025-02-11,4.371000,4.750000,37.900000,1.000000
2025-02-12,4.469000,4.831000,36.200000,-1.700000
2025-02-13,4.390000,4.740000,35.000000,-1.200000
2025-02-14,4.328000,4.698000,37.000000,2.000000
2025-02-18,4.401000,4.765000,36.400000,-0.600000
2025-02-19,4.364000,4.766000,40.200000,3.800000
2025-02-20,4.346000,4.747000,40.100000,-0.100000
2025-02-21,4.270000,4.680000,41.000000,0.900000
2025-02-24,4.234000,4.655000,42.100000,1.100000
2025-02-25,4.130000,4.556000,42.600000,0.500000
2025-02-26,4.083000,4.508000,42.500000,-0.100000
2025-02-27,4.078000,4.537000,45.900000,3.400000
2025-02-28,4.010000,4.484000,47.400000,1.500000
2025-03-03,3.966000,4.452000,48.600000,1.200000
2025-03-04,4.041000,4.539000,49.800000,1.200000
2025-03-05,4.075000,4.571000,49.600000,-0.200000
2025-03-06,4.058000,4.579000,52.100000,2.500000
2025-03-07,4.083000,4.601000,51.800000,-0.300000
2025-03-10,3.974000,4.545000,57.100000,5.300000
2025-03-11,4.038000,4.596000,55.800000,-1.300000
2025-03-12,4.073000,4.634000,56.100000,0.300000
2025-03-13,4.026000,4.591000,56.500000,0.400000
2025-03-14,4.092000,4.625000,53.300000,-3.200000
2025-03-17,4.090000,4.591000,50.100000,-3.200000
2025-03-18,4.073000,4.587000,51.400000,1.300000
2025-03-19,4.023000,4.553000,53.000000,1.600000
2025-03-20,4.015000,4.559000,54.400000,1.400000
2025-03-21,4.006000,4.591000,58.500000,4.100000
2025-03-24,4.097000,4.666000,56.900000,-1.600000
2025-03-25,4.069000,4.662000,59.300000,2.400000
2025-03-26,4.097000,4.702000,60.500000,1.200000
2025-03-27,4.092000,4.720000,62.800000,2.300000
2025-03-28,3.980000,4.630000,65.000000,2.200000
2025-03-31,3.954000,4.577000,62.300000,-2.700000
2025-04-01,3.914000,4.518000,60.400000,-1.900000
2025-04-02,3.873000,4.495000,62.200000,1.800000
2025-04-03,3.736000,4.476000,74.000000,11.800000
2025-04-04,3.704000,4.416000,71.200000,-2.800000
2025-04-07,3.885000,4.631000,74.600000,3.400000
2025-04-08,3.917000,4.760000,84.300000,9.700000
2025-04-09,4.046000,4.732000,68.600000,-15.700000
2025-04-10,4.070000,4.869000,79.900000,11.300000
2025-04-11,4.168000,4.875000,70.700000,-9.200000
2025-04-14,4.017000,4.812000,79.500000,8.800000
2025-04-15,3.987000,4.786000,79.900000,0.400000
2025-04-16,3.908000,4.741000,83.300000,3.400000
2025-04-17,3.941000,4.808000,86.700000,3.400000
2025-04-21,3.979000,4.906000,92.700000,6.000000
2025-04-22,3.992000,4.880000,88.800000,-3.900000
2025-04-23,4.017000,4.825000,80.800000,-8.000000
2025-04-24,3.931000,4.774000,84.300000,3.500000
2025-04-25,3.876000,4.720000,84.400000,0.100000
2025-04-28,3.807000,4.681000,87.400000,3.000000
2025-04-29,3.768000,4.647000,87.900000,0.500000
2025-04-30,3.732000,4.684000,95.200000,7.300000
2025-05-01,3.798000,4.720000,92.200000,-3.000000
2025-05-02,3.916000,4.788000,87.200000,-5.000000
2025-05-05,3.944000,4.837000,89.300000,2.100000
2025-05-06,3.891000,4.800000,90.900000,1.600000
2025-05-07,3.864000,4.770000,90.600000,-0.300000
2025-05-08,3.987000,4.845000,85.800000,-4.800000
2025-05-09,4.000000,4.835000,83.500000,-2.300000
2025-05-12,4.109000,4.904000,79.500000,-4.000000
2025-05-13,4.098000,4.909000,81.100000,1.600000
2025-05-14,4.171000,4.975000,80.400000,-0.700000
2025-05-15,4.048000,4.891000,84.300000,3.900000
2025-05-16,4.069000,4.903000,83.400000,-0.900000
2025-05-19,4.060000,4.905000,84.500000,1.100000
2025-05-20,4.069000,4.963000,89.400000,4.900000
2025-05-21,4.158000,5.084000,92.600000,3.200000
2025-05-22,4.090000,5.039000,94.900000,2.300000
2025-05-23,4.077000,5.030000,95.300000,0.400000
2025-05-26,4.081000,5.031000,95.000000,-0.300000
2025-05-27,4.032000,4.949000,91.700000,-3.300000
2025-05-28,4.061000,4.972000,91.100000,-0.600000
2025-05-29,3.999000,4.924000,92.500000,1.400000
2025-05-30,3.959000,4.923000,96.400000,3.900000
2025-06-02,4.003000,4.965000,96.200000,-0.200000
2025-06-03,4.025000,4.983000,95.800000,-0.400000
2025-06-04,3.924000,4.880000,95.600000,-0.200000
2025-06-05,3.989000,4.880000,89.100000,-6.500000
2025-06-06,4.118000,4.964000,84.600000,-4.500000
2025-06-09,4.080000,4.940000,86.000000,1.400000
2025-06-10,4.088000,4.931000,84.300000,-1.700000
2025-06-11,4.018000,4.914000,89.600000,5.300000
2025-06-12,3.971000,4.844000,87.300000,-2.300000
2025-06-13,4.005000,4.899000,89.400000,2.100000
2025-06-16,4.034000,4.959000,92.500000,3.100000
2025-06-17,3.985000,4.890000,90.500000,-2.000000
2025-06-18,3.985000,4.890000,90.500000,0.000000
2025-06-19,3.971000,4.887000,91.600000,1.100000
2025-06-20,3.959000,4.889000,93.000000,1.400000
2025-06-23,3.909000,4.872000,96.300000,3.300000
2025-06-24,3.860000,4.835000,97.500000,1.200000
2025-06-25,3.848000,4.831000,98.300000,0.800000
2025-06-26,3.795000,4.802000,100.700000,2.400000
2025-06-27,3.826000,4.832000,100.600000,-0.100000
2025-06-30,3.800000,4.778000,97.800000,-2.800000
2025-07-01,3.832000,4.762000,93.000000,-4.800000
2025-07-02,3.867000,4.804000,93.700000,0.700000
2025-07-03,3.938000,4.861000,92.300000,-1.400000
2025-07-07,3.958000,4.916000,95.800000,3.500000
2025-07-08,3.987000,4.946000,95.900000,0.100000
2025-07-09,3.920000,4.875000,95.500000,-0.400000
2025-07-10,3.931000,4.862000,93.100000,-2.400000
2025-07-11,3.992000,4.957000,96.500000,3.400000
2025-07-14,3.983000,4.973000,99.000000,2.500000
2025-07-15,4.052000,5.018000,96.600000,-2.400000
2025-07-16,3.985000,5.015000,103.000000,6.400000
2025-07-17,4.006000,5.014000,100.800000,-2.200000
2025-07-18,3.961000,4.999000,103.800000,3.000000
2025-07-21,3.908000,4.937000,102.900000,-0.900000
2025-07-22,3.876000,4.903000,102.700000,-0.200000
2025-07-23,3.936000,4.949000,101.300000,-1.400000
2025-07-24,3.971000,4.949000,97.800000,-3.500000
2025-07-25,3.952000,4.929000,97.700000,-0.100000
2025-07-28,3.977000,4.965000,98.800000,1.100000
2025-07-29,3.906000,4.868000,96.200000,-2.600000
2025-07-30,3.965000,4.913000,94.800000,-1.400000
2025-07-31,3.960000,4.885000,92.500000,-2.300000
2025-08-01,3.771000,4.807000,103.600000,11.100000
2025-08-04,3.742000,4.795000,105.300000,1.700000
2025-08-05,3.762000,4.769000,100.700000,-4.600000
2025-08-06,3.762000,4.811000,104.900000,4.200000
2025-08-07,3.790000,4.816000,102.600000,-2.300000
2025-08-08,3.828000,4.854000,102.600000,0.000000
2025-08-11,3.822000,4.841000,101.900000,-0.700000
2025-08-12,3.822000,4.885000,106.300000,4.400000
2025-08-13,3.772000,4.828000,105.600000,-0.700000
2025-08-14,3.821000,4.883000,106.200000,0.600000
2025-08-15,3.845000,4.925000,108.000000,1.800000
2025-08-18,3.855000,4.942000,108.700000,0.700000
2025-08-19,3.822000,4.902000,108.000000,-0.700000
2025-08-20,3.810000,4.904000,109.400000,1.400000
2025-08-21,3.859000,4.924000,106.500000,-2.900000
2025-08-22,3.757000,4.883000,112.600000,6.100000
2025-08-25,3.787000,4.889000,110.200000,-2.400000
2025-08-26,3.738000,4.908000,117.000000,6.800000
2025-08-27,3.705000,4.913000,120.800000,3.800000
2025-08-28,3.696000,4.872000,117.600000,-3.200000
2025-08-29,3.699000,4.918000,121.900000,4.300000
2025-09-01,3.718000,4.959000,124.100000,2.200000
2025-09-02,3.743000,4.971000,122.800000,-1.300000
2025-09-03,3.685000,4.892000,120.700000,-2.100000
2025-09-04,3.653000,4.873000,122.000000,1.300000
2025-09-05,3.583000,4.774000,119.100000,-2.900000
2025-09-08,3.570000,4.690000,112.000000,-7.100000
2025-09-09,3.601000,4.717000,111.600000,-0.400000
2025-09-10,3.582000,4.677000,109.500000,-2.100000
2025-09-11,3.578000,4.651000,107.300000,-2.200000
2025-09-12,3.625000,4.679000,105.400000,-1.900000
2025-09-15,3.600000,4.655000,105.500000,0.100000
2025-09-16,3.583000,4.646000,106.300000,0.800000
2025-09-17,3.647000,4.674000,102.700000,-3.600000
2025-09-18,3.663000,4.720000,105.700000,3.000000
2025-09-19,3.691000,4.756000,106.500000,0.800000
2025-09-22,3.696000,4.761000,106.500000,-0.000000
2025-09-23,3.677000,4.737000,106.000000,-0.500000
2025-09-24,3.710000,4.758000,104.800000,-1.200000
2025-09-25,3.769000,4.753000,98.400000,-6.400000
2025-09-26,3.770000,4.765000,99.500000,1.100000
2025-09-29,3.741000,4.704000,96.300000,-3.200000
2025-09-30,3.734000,4.733000,99.900000,3.600000
2025-10-01,3.680000,4.715000,103.500000,3.600000
2025-10-02,3.675000,4.697000,102.200000,-1.300000
2025-10-03,3.708000,4.714000,100.600000,-1.600000
2025-10-06,3.745000,4.758000,101.300000,0.700000
2025-10-07,3.706000,4.726000,102.000000,0.700000
2025-10-08,3.722000,4.724000,100.200000,-1.800000
2025-10-09,3.741000,4.733000,99.200000,-1.000000
2025-10-10,3.647000,4.634000,98.700000,-0.500000
2025-10-13,3.633000,4.638000,100.500000,1.800000
2025-10-14,3.602000,4.624000,102.200000,1.700000
2025-10-15,3.630000,4.639000,100.900000,-1.300000
2025-10-16,3.550000,4.583000,103.300000,2.400000
2025-10-17,3.592000,4.603000,101.100000,-2.200000
2025-10-20,3.579000,4.579000,100.000000,-1.100000
2025-10-21,3.560000,4.548000,98.800000,-1.200000
2025-10-22,3.553000,4.539000,98.600000,-0.200000
2025-10-23,3.597000,4.571000,97.400000,-1.200000
2025-10-24,3.602000,4.586000,98.400000,1.000000
2025-10-27,3.616000,4.569000,95.300000,-3.100000
2025-10-28,3.613000,4.547000,93.400000,-1.900000
2025-10-29,3.699000,4.599000,90.000000,-3.400000
2025-10-30,3.720000,4.648000,92.800000,2.800000
2025-10-31,3.717000,4.669000,95.200000,2.400000
2025-11-03,3.715000,4.690000,97.500000,2.300000
2025-11-04,3.701000,4.671000,97.000000,-0.500000
2025-11-05,3.765000,4.736000,97.100000,0.100000
2025-11-06,3.689000,4.687000,99.800000,2.700000
2025-11-07,3.680000,4.701000,102.100000,2.300000
2025-11-10,3.710000,4.702000,99.200000,-2.900000
2025-11-11,3.659000,4.673000,101.400000,2.200000
2025-11-12,3.668000,4.662000,99.400000,-2.000000
2025-11-13,3.703000,4.702000,99.900000,0.500000
2025-11-14,3.734000,4.746000,101.200000,1.300000
2025-11-17,3.721000,4.736000,101.500000,0.300000
2025-11-18,3.694000,4.741000,104.700000,3.200000
2025-11-19,3.708000,4.752000,104.400000,-0.300000
2025-11-20,3.673000,4.732000,105.900000,1.500000
2025-11-21,3.618000,4.715000,109.700000,3.800000
2025-11-24,3.605000,4.677000,107.200000,-2.500000
2025-11-25,3.565000,4.658000,109.300000,2.100000
2025-11-26,3.574000,4.644000,107.000000,-2.300000
2025-11-27,3.583000,4.651000,106.800000,-0.200000
2025-11-28,3.598000,4.671000,107.300000,0.500000
2025-12-01,3.673000,4.743000,107.000000,-0.300000
2025-12-02,3.659000,4.741000,108.200000,1.200000
2025-12-03,3.624000,4.725000,110.100000,1.900000
2025-12-04,3.683000,4.764000,108.100000,-2.000000
2025-12-05,3.715000,4.792000,107.700000,-0.400000
2025-12-08,3.752000,4.816000,106.400000,-1.300000
2025-12-09,3.780000,4.809000,102.900000,-3.500000
2025-12-10,3.755000,4.796000,104.100000,1.200000
2025-12-11,3.715000,4.790000,107.500000,3.400000
2025-12-12,3.750000,4.858000,110.800000,3.300000
2025-12-15,3.733000,4.852000,111.900000,1.100000
2025-12-16,3.693000,4.823000,113.000000,1.100000
2025-12-17,3.695000,4.828000,113.300000,0.300000
2025-12-18,3.660000,4.800000,114.000000,0.700000
2025-12-19,3.695000,4.828000,113.300000,-0.700000
2025-12-22,3.718000,4.843000,112.500000,-0.800000
2025-12-23,3.742000,4.831000,108.900000,-3.600000
2025-12-24,3.715000,4.795000,108.000000,-0.900000
2025-12-25,3.715000,4.798000,108.300000,0.300000
2025-12-26,3.696000,4.819000,112.300000,4.000000
2025-12-29,3.675000,4.804000,112.900000,0.600000
2025-12-30,3.682000,4.813000,113.100000,0.200000
2025-12-31,3.711000,4.830000,111.900000,-1.200000
2026-01-01,3.722000,4.840000,111.800000,-0.100000
2026-01-02,3.739000,4.864000,112.500000,0.700000
2026-01-05,3.710000,4.854000,114.400000,1.900000
2026-01-06,3.720000,4.866000,114.600000,0.200000
2026-01-07,3.694000,4.815000,112.100000,-2.500000
2026-01-08,3.736000,4.858000,112.200000,0.100000
2026-01-09,3.757000,4.819000,106.200000,-6.000000
2026-01-12,3.767000,4.840000,107.300000,1.100000
2026-01-13,3.743000,4.828000,108.500000,1.200000
2026-01-14,3.715000,4.795000,108.000000,-0.500000
2026-01-15,3.762000,4.786000,102.400000,-5.600000
2026-01-16,3.828000,4.840000,101.200000,-1.200000
2026-01-19,3.835000,4.880000,104.500000,3.300000
2026-01-20,3.858000,4.921000,106.300000,1.800000
2026-01-21,3.831000,4.870000,103.900000,-2.400000
2026-01-22,3.849000,4.849000,100.000000,-3.900000
2026-01-23,3.837000,4.832000,99.500000,-0.500000
2026-01-26,3.818000,4.805000,98.700000,-0.800000
2026-01-27,3.814000,4.834000,102.000000,3.300000
2026-01-28,3.842000,4.859000,101.700000,-0.300000
2026-01-29,3.805000,4.854000,104.900000,3.200000
2026-01-30,3.797000,4.872000,107.500000,2.600000
2026-02-02,3.835000,4.909000,107.400000,-0.100000
2026-02-03,3.837000,4.906000,106.900000,-0.500000
2026-02-04,3.833000,4.915000,108.200000,1.300000
2026-02-05,3.752000,4.863000,111.100000,2.900000
2026-02-06,3.755000,4.855000,110.000000,-1.100000
2026-02-09,3.743000,4.849000,110.600000,0.600000
2026-02-10,3.699000,4.788000,108.900000,-1.700000
2026-02-11,3.741000,4.814000,107.300000,-1.600000
2026-02-12,3.668000,4.731000,106.300000,-1.000000
2026-02-13,3.609000,4.699000,109.000000,2.700000
2026-02-16,3.604000,4.688000,108.400000,-0.600000
2026-02-17,3.621000,4.683000,106.200000,-2.200000
2026-02-18,3.647000,4.707000,106.000000,-0.200000
2026-02-19,3.647000,4.704000,105.700000,-0.300000
2026-02-20,3.648000,4.725000,107.700000,2.000000
2026-02-23,3.581000,4.695000,111.400000,3.700000
2026-02-24,3.596000,4.689000,109.300000,-2.100000
2026-02-25,3.619000,4.694000,107.500000,-1.800000
2026-02-26,3.583000,4.669000,108.600000,1.100000
2026-02-27,3.514000,4.633000,111.900000,3.300000
2026-03-02,3.622000,4.699000,107.700000,-4.200000
2026-03-03,3.631000,4.703000,107.200000,-0.500000
2026-03-04,3.669000,4.717000,104.800000,-2.400000
2026-03-05,3.742000,4.753000,101.100000,-3.700000
2026-03-06,3.717000,4.756000,103.900000,2.800000
2026-03-09,3.736000,4.739000,100.300000,-3.600000
2026-03-10,3.715000,4.772000,105.700000,5.400000
2026-03-11,3.782000,4.856000,107.400000,1.700000
2026-03-12,3.884000,4.885000,100.100000,-7.300000
2026-03-13,3.874000,4.908000,103.400000,3.300000
2026-03-16,3.802000,4.858000,105.600000,2.200000
2026-03-17,3.786000,4.853000,106.700000,1.100000
2026-03-18,3.860000,4.881000,102.100000,-4.600000
2026-03-19,3.920000,4.853000,93.300000,-8.800000
2026-03-20,4.013000,4.960000,94.700000,1.400000
2026-03-23,3.950000,4.912000,96.200000,1.500000
2026-03-24,4.030000,4.940000,91.000000,-5.200000
2026-03-25,3.970000,4.897000,92.700000,1.700000
2026-03-26,4.096000,4.936000,84.000000,-8.700000
2026-03-27,4.072000,4.982000,91.000000,7.000000
2026-03-30,3.979000,4.906000,92.700000,1.700000
2026-03-31,3.944000,4.892000,94.800000,2.100000
2026-04-01,3.955000,4.902000,94.700000,-0.100000
2026-04-02,3.948000,4.890000,94.200000,-0.500000
2026-04-03,3.992000,4.906000,91.400000,-2.800000
2026-04-06,3.983000,4.890000,90.700000,-0.700000
2026-04-07,3.976000,4.921000,94.500000,3.800000
2026-04-08,3.920000,4.886000,96.600000,2.100000
2026-04-09,3.917000,4.898000,98.100000,1.500000
2026-04-10,3.939000,4.914000,97.500000,-0.600000
2026-04-13,3.917000,4.900000,98.300000,0.800000
2026-04-14,3.871000,4.869000,99.800000,1.500000
2026-04-15,3.896000,4.891000,99.500000,-0.300000
2026-04-16,3.915000,4.930000,101.500000,2.000000
2026-04-17,3.838000,4.885000,104.700000,3.200000
2026-04-20,3.850000,4.881000,103.100000,-1.600000
2026-04-21,3.908000,4.898000,99.000000,-4.100000
2026-04-22,3.915000,4.902000,98.700000,-0.300000
2026-04-23,3.952000,4.918000,96.600000,-2.100000
2026-04-24,3.920000,4.916000,99.600000,3.000000
2026-04-27,3.947000,4.942000,99.500000,-0.100000
2026-04-28,3.983000,4.944000,96.100000,-3.400000
2026-04-29,4.063000,4.986000,92.300000,-3.800000
2026-04-30,4.023000,4.986000,96.300000,4.000000
2026-05-01,4.021000,4.966000,94.500000,-1.800000
2026-05-04,4.093000,5.025000,93.200000,-1.300000
2026-05-05,4.071000,4.982000,91.100000,-2.100000
2026-05-06,4.002000,4.943000,94.100000,3.000000
2026-05-07,4.044000,4.969000,92.500000,-1.600000
2026-05-08,4.013000,4.947000,93.400000,0.900000
2026-05-11,4.069000,4.987000,91.800000,-1.600000
2026-05-12,4.124000,5.029000,90.500000,-1.300000
2026-05-13,4.130000,5.046000,91.600000,1.100000
2026-05-14,4.121000,5.013000,89.200000,-2.400000
2026-05-15,4.258000,5.128000,87.000000,-2.200000
2026-05-18,4.281000,5.147000,86.600000,-0.400000
2026-05-19,4.330000,5.181000,85.100000,-1.500000
2026-05-20,4.221000,5.115000,89.400000,4.300000
2026-05-21,4.255000,5.111000,85.600000,-3.800000
2026-05-22,4.265000,5.082000,81.700000,-3.900000
2026-05-25,4.181000,5.015000,83.400000,1.700000
2026-05-26,4.179000,5.025000,84.600000,1.200000
2026-05-27,4.176000,5.011000,83.500000,-1.100000
2026-05-28,4.160000,4.985000,82.500000,-1.000000
2026-05-29,4.149000,4.993000,84.400000,1.900000
2026-06-01,4.188000,4.991000,80.300000,-4.100000
2026-06-02,4.177000,4.967000,79.000000,-1.300000
2026-06-03,4.214000,4.990000,77.600000,-1.400000
2026-06-04,4.188000,4.978000,79.000000,1.400000
2026-06-05,4.280000,4.999000,71.900000,-7.100000
2026-06-08,4.281000,5.024000,74.300000,2.400000
2026-06-09,4.253000,5.011000,75.800000,1.500000
2026-06-10,4.264000,5.025000,76.100000,0.300000
2026-06-11,4.192000,4.952000,76.000000,-0.100000
2026-06-12,4.211000,4.973000,76.200000,0.200000
2026-06-15,4.186000,4.970000,78.400000,2.200000
2026-06-16,4.151000,4.929000,77.800000,-0.600000
2026-06-17,4.229000,4.927000,69.800000,-8.000000
2026-06-18,4.225000,4.901000,67.600000,-2.200000
2026-06-22,4.286000,4.945000,65.900000,-1.700000
2026-06-23,4.261000,4.942000,68.100000,2.200000
2026-06-24,4.176000,4.856000,68.000000,-0.100000
2026-06-25,4.163000,4.859000,69.600000,1.600000
2026-06-26,4.130000,4.865000,73.500000,3.900000
2026-06-29,4.144000,4.860000,71.600000,-1.900000
2026-06-30,4.188000,4.903000,71.500000,-0.100000
2026-07-01,4.230000,4.966000,73.600000,2.100000
2026-07-02,4.221000,4.981000,76.000000,2.400000
2026-07-06,4.211000,4.994000,78.300000,2.300000
2026-07-07,4.258000,5.043000,78.500000,0.200000
2026-07-08,4.310000,5.064000,75.400000,-3.100000
2026-07-09,4.269000,5.053000,78.400000,3.000000
2026-07-10,4.310000,5.071000,76.100000,-2.300000
2026-07-13,4.363000,5.098000,73.500000,-2.600000
2026-07-14,4.323000,5.094000,77.100000,3.600000
2026-07-15,4.255000,5.083000,82.800000,5.700000
2026-07-16,4.282000,5.097000,81.500000,-1.300000
2026-07-17,4.273000,5.064000,79.100000,-2.400000
2026-07-20,4.330000,5.118000,78.800000,-0.300000
2026-07-21,4.369000,5.131000,76.200000,-2.600000
2026-07-22,4.407000,5.147000,74.000000,-2.200000
2026-07-23,4.461000,5.171000,71.000000,-3.000000
2026-07-24,4.426000,5.162000,73.600000,2.600000
2026-07-27,4.397000,5.125000,72.800000,-0.800000
2026-07-28,4.361000,5.096000,73.500000,0.700000
2026-07-29,4.352000,5.143000,79.100000,5.600000
